0,1,2,3,4,5,6,7,8,9,10,11
0.023679785,-0.11638875,0.07991728,-0.11218745,-0.22316022,0.22408009,-0.0076918826,-0.2194009,-0.059626345,0.21383378,0.24700376,0.23133667
0.09060324,-0.16792318,-0.023515798,0.087533906,-0.40227902,0.23699395,-0.021845575,-0.20258628,0.24661125,0.24104175,0.29425508,0.32793278
0.04727632,-0.1156922,0.047016725,0.06890166,-0.30793706,0.29693902,0.06176961,-0.090051755,0.0980878,0.22774336,0.47411788,0.539148
-0.0017247782,-0.12097323,0.2555973,-0.07998943,-0.2635728,0.572017,-0.008614037,-0.23300228,-0.004524909,0.31984064,0.38962996,0.7883587
-0.019929484,-0.023111671,0.37443602,-0.15932424,-0.18039602,0.72021884,-0.031046662,-0.24695611,0.015998151,0.35089093,0.3679613,0.739039
-0.008887481,0.09193942,0.36529908,-0.19579786,-0.27145016,0.8095799,-0.06035575,-0.24258153,0.21228431,0.33744693,0.3301661,0.53655785
-0.0222656,0.14965254,0.47415853,-0.23251085,-0.28913534,0.7846584,-0.056919966,-0.19404313,0.26409042,0.38527378,0.34206343,0.47408703
-0.04384384,0.22773111,0.46847034,-0.28918183,-0.28125203,0.83948404,-0.06649232,-0.14416173,0.28753942,0.4588194,0.40201497,0.39417621
-0.069246165,0.25982004,0.57100576,-0.331623,-0.29223555,0.75228685,-0.04993329,-0.14381093,0.37832016,0.4047007,0.3534984,0.3335594
-0.01512065,0.34435436,0.62035394,-0.33251032,-0.45151144,0.644998,-0.070252135,-0.18799736,0.51024693,0.34936517,0.27462184,0.28224328
-0.01674194,0.39746353,0.75355864,-0.45302406,-0.55488163,0.54150915,-0.058299083,-0.14158008,0.66029376,0.26879558,0.18832228,0.12643737
-0.071422026,0.49052393,0.82546973,-0.5155976,-0.722208,0.38506016,-0.03603865,-0.075659536,0.7664532,0.1878082,0.027047068,-0.02365832
-0.056530833,0.33413264,0.5924777,-0.4678695,-0.93793935,0.08649503,-0.014473867,0.039383024,0.6871477,0.25728974,-0.061811715,-0.17917854
0.011794742,0.18841428,0.6109052,-0.70579064,-1.0191615,-0.07297343,0.028132427,0.02543284,0.6024492,0.35849935,-0.041337833,-0.305541
0.013869489,0.074971154,0.643435,-0.7531289,-1.0547599,-0.18448246,0.11729671,0.05026859,0.5065865,0.42454007,-0.06492449,-0.34509426
-0.03987469,0.03495758,0.5544028,-0.92445564,-1.1695724,-0.26261514,0.119204625,0.09849572,0.32420152,0.48800886,-0.14882836,-0.47478998
-0.038773242,0.0062644333,0.36696896,-0.9156108,-1.1634126,-0.41180956,0.05437127,0.20758232,0.3959457,0.40378046,0.04318194,-0.52571785
-0.03400307,0.029804647,0.286593,-1.0089779,-1.162988,-0.42701197,0.03469537,0.11883506,0.26757103,0.4163435,0.049344927,-0.705247
-0.006171497,0.019235954,0.17071569,-1.0186445,-1.0925943,-0.40310878,0.04651976,0.17142153,0.17672275,0.52334297,0.07022444,-0.79734814
-0.016562955,0.029483736,0.030992016,-1.0480398,-1.0403843,-0.42035273,0.028603237,0.22809982,0.12361291,0.56603825,0.10859467,-0.8765048
-0.018515887,0.10823912,-0.15208341,-1.0132803,-0.98273665,-0.45276237,0.0037995912,0.27117512,0.029131945,0.5653621,0.15987213,-0.8598093
-0.048786145,0.16613214,-0.37270284,-0.9555181,-0.8177559,-0.4272437,0.020252388,0.18704551,-0.08747113,0.5161689,0.3267641,-0.90257925
-0.053537454,0.19155018,-0.4900154,-0.9142648,-0.72706157,-0.44115612,0.030563332,0.21287197,-0.17149016,0.55060416,0.40885732,-0.8836025
-0.04697269,0.24260977,-0.66745996,-0.80522263,-0.5738745,-0.4439293,0.037568275,0.2596302,-0.303703,0.5059826,0.47506392,-0.7934731
-0.0848823,0.20656818,-0.7714352,-0.77645576,-0.4635619,-0.42716238,0.07933204,0.20828116,-0.36223114,0.61222315,0.528432,-0.82912874
-0.08434909,0.24404857,-0.8374871,-0.7513833,-0.38869005,-0.4489205,0.10401946,0.2061812,-0.39479494,0.6376608,0.5601927,-0.80148953
-0.07436196,0.24325165,-0.91302496,-0.6994958,-0.28024718,-0.42912933,0.10258861,0.19593874,-0.4213382,0.6657783,0.6608476,-0.72146064
-0.07393529,0.2863592,-0.9012701,-0.6708096,-0.18913901,-0.44103515,0.1375672,0.22186068,-0.52865374,0.8106018,0.7111421,-0.6698506
-0.094398975,0.26988643,-0.96607405,-0.6542661,-0.116146594,-0.44239387,0.1630611,0.22687078,-0.5027189,0.8196855,0.8844082,-0.5960383
-0.093546234,0.26795524,-0.96595234,-0.6548637,-0.089796275,-0.40513,0.16134956,0.22296548,-0.52588063,0.9432216,0.9351341,-0.59435105
-0.07826938,0.24471453,-0.99373907,-0.62207574,-0.03805764,-0.35455734,0.15488985,0.14117992,-0.60650295,0.98955756,0.92194897,-0.62667656
-0.07241759,0.24813268,-0.9743419,-0.5967325,0.03935781,-0.34267768,0.1577341,0.15976804,-0.6808371,1.0679536,0.929843,-0.5560051
-0.08000485,0.23180526,-0.97742873,-0.58933544,0.11917062,-0.25850508,0.19798364,0.12386951,-0.7704349,1.1962937,0.954922,-0.5432444
-0.08505063,0.1768328,-0.996008,-0.5763127,0.14161919,-0.18411766,0.19954781,0.07965326,-0.76980984,1.266266,1.0116754,-0.50247526
-0.09195985,0.15986846,-0.9346002,-0.6248518,0.12017028,-0.13502683,0.16676684,0.04130505,-0.7737439,1.2854843,1.0628715,-0.49265742
-0.11890995,0.11891644,-0.7806558,-0.68335104,0.18853067,0.009504519,0.16709682,0.066187054,-0.76139903,1.2920127,1.1594346,-0.33854663
-0.10533139,0.08938475,-0.64061636,-0.7034315,0.23692085,0.123956844,0.15264094,0.092372954,-0.800234,1.21067,1.1537428,-0.19974506
-0.12462398,0.07363822,-0.63454956,-0.68227947,0.21065186,0.21624842,0.14512439,0.062442496,-0.7809714,1.170752,1.1908839,-0.13691154
-0.10107154,0.042561166,-0.53622264,-0.73134685,0.17043753,0.26586345,0.09969412,0.091742486,-0.7033238,1.0943487,1.164993,-0.070147276
-0.107880116,0.03207711,-0.5039449,-0.7751353,0.15512626,0.3644509,0.079018354,0.06512414,-0.7247284,1.0574663,1.1446407,-0.029346436
-0.10746202,-0.016866058,-0.4333275,-0.8061079,0.100445464,0.42457128,0.03268556,0.04175432,-0.64489734,0.96351355,1.1383381,-0.0054244027
-0.110736236,-0.03189093,-0.44389296,-0.7859186,0.055252776,0.48888457,-0.001781024,-0.001074031,-0.6308584,0.902121,1.1001761,0.01702182
-0.10286799,-0.034393966,-0.4233386,-0.80168223,0.07541756,0.5681189,0.00891773,-0.015291467,-0.6757074,0.9311847,1.0678017,0.0294438
-0.08799064,-0.0440329,-0.35992777,-0.7800827,0.006698951,0.6035778,-0.012622543,-0.031331293,-0.55716175,0.837407,0.9865591,0.023441926
-0.105015755,-0.049737692,-0.32878023,-0.7837163,-0.02412805,0.6569391,-0.049706046,-0.037546746,-0.5361936,0.73729694,0.91715026,0.038507875
-0.09812768,-0.037465096,-0.3493182,-0.729409,-0.018473968,0.6811853,-0.067293406,-0.04773864,-0.59871805,0.75028735,0.89498675,0.030886218
-0.091766015,-0.06870529,-0.37149554,-0.7283573,-0.061718002,0.6490103,-0.09962316,-0.05466914,-0.5876746,0.7712977,0.84488183,-0.013353854
-0.06874872,-0.103200644,-0.37778458,-0.65271354,-0.09545158,0.6287007,-0.0940682,-0.0859309,-0.53687507,0.78651035,0.8356582,-0.004230961
-0.06344423,-0.073855564,-0.2922234,-0.65232134,-0.11883469,0.67399806,-0.09403993,-0.1090847,-0.46075013,0.6985576,0.7106643,0.0041404814
-0.06602945,-0.090008706,-0.2539711,-0.621037,-0.18250312,0.6925369,-0.11203897,-0.10528898,-0.37733123,0.6246591,0.60975945,0.0085258335
-0.06720371,-0.11021167,-0.27006638,-0.60575914,-0.17466286,0.6462827,-0.11800043,-0.09247397,-0.42790532,0.6371099,0.6308193,-0.0058457255
-0.09433916,-0.077523455,-0.12092459,-0.51762617,-0.22016728,0.680204,-0.09264009,-0.08781331,-0.27837035,0.56226736,0.53948987,0.04065029
-0.075541854,-0.090715304,-0.11202747,-0.45257926,-0.23395936,0.66394025,-0.1022055,-0.07405571,-0.27110437,0.562097,0.54005575,0.03380102
-0.07844926,-0.069062755,-0.044580847,-0.37332213,-0.30577034,0.6507636,-0.08583756,-0.06797961,-0.1782123,0.52013046,0.43723673,0.049864724
-0.098097764,-0.019363418,0.012156703,-0.35461634,-0.32586932,0.69794565,-0.041517425,-0.06917224,-0.14081183,0.5336164,0.44665822,0.07471156
-0.10910284,-0.015219539,0.052664936,-0.34235823,-0.38569278,0.7084061,-0.043770198,-0.057710335,-0.062468108,0.47221547,0.3754824,0.101262584
-0.10332148,-0.024621606,0.042501494,-0.3167596,-0.37485552,0.75834864,-0.049216542,-0.094830684,-0.09960039,0.48754942,0.36347196,0.14927493
-0.12403564,0.024869174,0.0903782,-0.30588645,-0.412099,0.7431616,-0.02817719,-0.06650461,-0.07562751,0.5159399,0.3803879,0.1704409
-0.12007736,0.014901772,0.16779289,-0.33050427,-0.40686244,0.8133039,-0.039472762,-0.10165496,-0.009632878,0.48622406,0.30019534,0.19955736
-0.15092969,0.04010693,0.21546894,-0.3908645,-0.44282693,0.81520075,-0.030197602,-0.06412387,0.06525448,0.44277132,0.25857282,0.1589993
-0.15779296,0.12899005,0.29103747,-0.35420388,-0.4753278,0.83058953,-0.016333863,-0.094950415,0.07404433,0.4055211,0.19073367,0.18841282
-0.16136004,0.19263548,0.33646148,-0.3505122,-0.5221991,0.79369545,-0.0054853223,-0.094061725,0.13035083,0.39987665,0.20046073,0.17910701
-0.2047527,0.18635672,0.3173656,-0.36077178,-0.5519618,0.7497138,-0.012637105,-0.07449874,0.062243182,0.38670057,0.14978765,0.16032118
-0.2060366,0.21744455,0.41103542,-0.37080246,-0.6360273,0.7258218,0.0028330497,-0.08011767,0.19809328,0.3306422,0.10802373,0.12848695
-0.24500543,0.29003644,0.45600027,-0.44063294,-0.59655374,0.72511744,0.022704598,-0.062411264,0.2373618,0.27773717,0.11044905,0.09542659
-0.2809851,0.34879547,0.56700146,-0.5530083,-0.6722899,0.64746875,0.012549419,-0.08968491,0.24666323,0.28721982,-0.016169503,0.014537066
-0.30500522,0.38521877,0.6608776,-0.59619653,-0.70322335,0.5962177,0.03590019,-0.04815668,0.33596945,0.24692777,-0.055248693,-0.07464707
-0.22884361,0.39822385,0.6374573,-0.54762864,-0.77095294,0.50436115,0.015360843,-0.07676126,0.14246427,0.43937427,-0.08053225,-0.09519479
-0.25189573,0.40011483,0.6757164,-0.55894256,-0.83724654,0.46142316,0.011326164,-0.07142023,0.32015,0.36542982,-0.0822334,-0.109259576
-0.21692714,0.3745054,0.6024114,-0.52778256,-0.88301903,0.32308614,0.0037337057,-0.049531505,0.30920762,0.36283934,-0.07749945,-0.16481239
-0.25472698,0.44281802,0.67073184,-0.6023915,-0.9300225,0.24715045,0.02647404,-0.01454252,0.3990256,0.3409328,-0.101018816,-0.28977728
-0.17780216,0.39564052,0.6493558,-0.6173222,-0.90915424,0.11503759,-0.000851728,0.0044600517,0.29709914,0.38513276,-0.15968165,-0.35345322
-0.16150084,0.3496262,0.6383858,-0.64191425,-0.9864524,0.08352226,0.020009812,0.019352064,0.2908545,0.42120123,-0.15340018,-0.3674321
-0.14405657,0.33375555,0.5412498,-0.595351,-0.95328176,0.03162865,0.005530851,0.042828947,0.4227538,0.2777374,-0.07062712,-0.33146986
-0.11796336,0.2948014,0.63774925,-0.6479232,-0.9324054,-0.044078123,0.008652702,0.064578265,0.3517744,0.37083074,-0.1254302,-0.4076109
-0.10229389,0.27599704,0.59692556,-0.71275043,-0.9655275,-0.0538839,-0.012338124,0.10093853,0.40439454,0.31221363,-0.110786915,-0.43695474
-0.06865227,0.24188726,0.5183075,-0.6112839,-0.95673186,-0.08250594,-0.035606507,0.13507786,0.3555099,0.33568695,-0.022800714,-0.38578862
-0.07937962,0.2444477,0.4824878,-0.6674049,-0.8952063,-0.09828092,-0.031116884,0.08100243,0.32245767,0.29988968,0.015999034,-0.4149738
-0.047568962,0.25689355,0.44242835,-0.7220135,-0.9068113,-0.1778713,-0.050026063,0.12853429,0.26355362,0.29240727,-0.025287569,-0.49552846
-0.054774575,0.27848893,0.47517842,-0.72973526,-0.8659258,-0.14677687,-0.05912054,0.1538718,0.28675148,0.30111772,0.027217925,-0.53373003
-0.048758324,0.2607033,0.4694337,-0.74501085,-0.8075323,-0.12287456,-0.053557042,0.11487156,0.30119097,0.24879918,-0.00044992566,-0.52385384
-0.020924345,0.2545078,0.3459017,-0.78602445,-0.8151686,-0.19600363,-0.07823996,0.16062918,0.21354066,0.28575104,0.050850965,-0.6379297
-0.061320692,0.21759693,0.33373064,-0.85480523,-0.88248724,-0.19042833,-0.060236435,0.08608103,0.21503632,0.27547556,0.059066005,-0.6634035
-0.0039519765,0.23529541,0.23903513,-0.8739159,-0.8381695,-0.24128936,-0.07076019,0.08994609,0.18146239,0.21303684,0.11348675,-0.67458344
-0.024013544,0.23548274,0.14105527,-0.90090203,-0.8084932,-0.2850809,-0.0853859,0.06729056,0.12571146,0.24661079,0.14979567,-0.7562877
-0.0051371926,0.2445035,0.032166548,-0.9350804,-0.76176184,-0.31658852,-0.0921042,0.08745687,0.062562004,0.25661442,0.20423491,-0.8270826
-0.0056633675,0.17712514,-0.14932013,-0.9469482,-0.7413393,-0.31796393,-0.09876509,0.038978085,0.023860697,0.23516387,0.23078446,-0.88421154
-0.016218865,0.15980363,-0.15361762,-1.0373344,-0.79361504,-0.33356598,-0.10502516,-0.0583663,0.08534713,0.12347031,0.27878857,-0.86908376
-0.027293058,0.18979308,-0.18779957,-1.0537049,-0.7749377,-0.3660849,-0.10757579,-0.0058122575,0.121821955,0.08551455,0.32860738,-0.8141459
-0.016595924,0.16871965,-0.108269736,-1.0841463,-0.7483459,-0.32956728,-0.09719373,-0.015416414,0.04798239,0.14323741,0.28151536,-0.81313604
-0.025143953,0.18362463,-0.16086191,-1.0618399,-0.6944376,-0.28907248,-0.08315626,-0.04599107,-0.05044601,0.20604111,0.30155402,-0.7991734
-0.007861311,0.17982018,-0.22351438,-1.0628902,-0.70428634,-0.3051026,-0.091988295,-0.034886375,-0.09903127,0.23853877,0.30838728,-0.82677037
-0.03418224,0.16553678,-0.26564038,-1.1014986,-0.71042174,-0.29767138,-0.096293464,-0.10601862,-0.15188925,0.22520214,0.3119088,-0.8349539
-0.027036155,0.1670976,-0.28712156,-1.0602759,-0.6525985,-0.23282096,-0.09145433,-0.054079518,-0.26076236,0.3289873,0.31441888,-0.8245065
-0.049599674,0.17486429,-0.36392653,-1.0490206,-0.67278105,-0.23943898,-0.09417404,-0.17661388,-0.23472294,0.27350557,0.34990984,-0.89405864
-0.033800993,0.16685502,-0.38518727,-1.039349,-0.5895936,-0.19818504,-0.08887553,-0.23576072,-0.35268888,0.3289184,0.37956527,-0.82642317
-0.046251614,0.16022347,-0.40281147,-1.0126082,-0.52565616,-0.1588465,-0.05361213,-0.20975024,-0.43894988,0.47239906,0.40206498,-0.8161161
-0.06915045,0.19728562,-0.39274502,-1.0030296,-0.4637257,-0.12241766,-0.045645904,-0.27927482,-0.5405897,0.5079346,0.42228264,-0.8039352
-0.0645344,0.18114921,-0.46514004,-0.93636346,-0.34249622,-0.053647723,-0.06285308,-0.30291831,-0.6672612,0.59421766,0.4673183,-0.71199214
-0.08720173,0.18714818,-0.5531481,-0.8395766,-0.3128438,-0.033460464,-0.05231856,-0.3701168,-0.62079734,0.500442,0.50791776,-0.6987767
-0.08405118,0.19340843,-0.55167764,-0.7729331,-0.28896445,-0.07175948,-0.052373413,-0.3795329,-0.6044048,0.50235206,0.5714541,-0.6868224
-0.07743366,0.08163217,-0.6487743,-0.73292017,-0.19908863,0.070451096,-0.075939596,-0.40436596,-0.63319594,0.44730398,0.5931473,-0.53300655
-0.08653256,0.064630784,-0.6570344,-0.67452717,-0.09712058,0.16636609,-0.048302945,-0.4116335,-0.7604608,0.58665997,0.6468156,-0.37957788
-0.09170423,0.03181126,-0.6373316,-0.63740695,-0.10219902,0.22718655,-0.078170225,-0.42762253,-0.67262286,0.48761743,0.70849913,-0.27065128
-0.08087252,0.06867823,-0.6899876,-0.58952284,-0.034256443,0.2506105,-0.09016959,-0.36535877,-0.7807285,0.58722496,0.781909,-0.21300063
-0.068381675,-0.045212626,-0.64936197,-0.48939297,0.0034326464,0.31630766,-0.14005895,-0.358909,-0.65501505,0.5081773,0.7775578,-0.07768327
-0.07529068,-0.09322612,-0.66011006,-0.4605311,-0.0029863864,0.30245602,-0.16047552,-0.3168032,-0.6041576,0.5351572,0.8219656,-0.057441205
-0.07823412,-0.14978617,-0.65677303,-0.42666283,0.02787751,0.30294994,-0.17711322,-0.30011147,-0.572514,0.5264381,0.82614124,0.04534445
-0.08991033,-0.13619816,-0.45178318,-0.38930202,0.022155136,0.39367834,-0.1242242,-0.22439219,-0.51848894,0.50949365,0.80050474,0.08518499
-0.10648604,-0.14771351,-0.45986122,-0.40480837,-0.06292936,0.40437165,-0.1260937,-0.21817818,-0.44907734,0.5035775,0.7969034,0.10712691
-0.05888904,-0.1779261,-0.48969305,-0.3849713,-0.0008698255,0.3962794,-0.1698099,-0.19531348,-0.5023426,0.5047739,0.7849527,0.14760783
-0.053408522,-0.19718423,-0.5082402,-0.2973295,0.0046346784,0.39972696,-0.1432751,-0.19406845,-0.48132837,0.5496447,0.8135178,0.16178542
-0.055051465,-0.23541823,-0.43037587,-0.3159492,-0.037424475,0.4803898,-0.14220758,-0.21362287,-0.4448483,0.5174793,0.7526403,0.2456244
-0.074829906,-0.21474078,-0.40992016,-0.3166712,-0.0956409,0.4846692,-0.13579436,-0.16104357,-0.3483177,0.53175414,0.73354644,0.17947131
-0.049268477,-0.23762667,-0.4398145,-0.32189384,-0.0675603,0.48210746,-0.16417791,-0.19627506,-0.44332492,0.51674026,0.7087417,0.23362885
-0.057133272,-0.20935202,-0.35002083,-0.34412777,-0.072209746,0.57470816,-0.15857364,-0.17793858,-0.39798737,0.47877663,0.651419,0.2808186
-0.07861325,-0.18374571,-0.26642796,-0.3248645,-0.12588301,0.6324995,-0.112816125,-0.15985827,-0.31159565,0.49124473,0.68325627,0.35348994
-0.09269501,-0.21761414,-0.26986146,-0.29892445,-0.17776285,0.63091,-0.13379093,-0.14879368,-0.30889526,0.4864027,0.634475,0.38025317
-0.08159963,-0.15452027,-0.2658295,-0.20310637,-0.17377812,0.6145707,-0.106572345,-0.12104865,-0.3304627,0.5031796,0.6967095,0.41756603
-0.06895155,-0.18621936,-0.29760486,-0.17785583,-0.20824964,0.5911098,-0.113776386,-0.16388145,-0.3036165,0.49435884,0.6207402,0.4395256
-0.09743225,-0.1768707,-0.26142913,-0.21367198,-0.23423614,0.61608976,-0.10595833,-0.15182945,-0.30922216,0.5056397,0.6483435,0.46662575
-0.14737654,-0.0860312,-0.07335958,-0.22260708,-0.2805896,0.70643455,-0.036002267,-0.098204605,-0.18986708,0.521337,0.623603,0.39731973
-0.15130219,-0.06400706,-0.036384687,-0.18512574,-0.29746902,0.6899211,-0.018790118,-0.10756785,-0.18034698,0.5227474,0.59555554,0.4417057
-0.16353883,-0.03871058,0.0016744882,-0.20718428,-0.31097654,0.75966376,-0.014212195,-0.11939441,-0.15531327,0.5353678,0.5552027,0.4650719
-0.17438212,-0.047102943,-0.03497535,-0.13423835,-0.36806852,0.69719493,0.0077599436,-0.10510604,-0.06633919,0.53519267,0.5155261,0.39705965
-0.16246381,0.021309838,0.05044283,-0.1514759,-0.32538414,0.7217737,0.023751285,-0.11398789,-0.109467745,0.55319417,0.55129987,0.4320974
-0.19163987,0.040382817,0.083556056,-0.18097717,-0.43714672,0.7244149,0.028456442,-0.112949714,0.020369884,0.5404555,0.43346006,0.32649863
-0.21669754,0.103988886,0.18868756,-0.27989537,-0.495053,0.7496187,0.031632446,-0.09209456,0.051001843,0.48806828,0.39977247,0.2981943
-0.186325,0.11743162,0.22593069,-0.32381773,-0.42374033,0.75132835,0.016753616,-0.11603886,-0.012301672,0.4848315,0.3787423,0.27259848
-0.23606098,0.20087734,0.3352653,-0.43948242,-0.4972136,0.8087867,0.0016606115,-0.12031287,0.010231849,0.45157266,0.29607943,0.25132325
-0.22718814,0.18093993,0.3314705,-0.43519214,-0.5266901,0.7965326,-0.0076772273,-0.07662776,0.15726453,0.3898971,0.29742718,0.19363616
-0.259434,0.32688668,0.4860974,-0.5131196,-0.590059,0.7392718,0.0010558888,-0.076804355,0.2190098,0.3336765,0.20139137,0.083115235
-0.26879323,0.41844982,0.60309774,-0.5810772,-0.61653036,0.6779917,-0.0045795813,-0.061914004,0.22854967,0.34901816,0.15483174,0.015714608
-0.2518219,0.43744245,0.64020586,-0.63046277,-0.6104859,0.66552734,-0.00805201,-0.046437375,0.15653135,0.39993864,0.09650006,-0.06686194
-0.2669539,0.49849457,0.66946477,-0.61739755,-0.7246763,0.5657841,0.0144997835,-0.064875826,0.14485168,0.42988616,0.03549166,-0.1185521
-0.24780528,0.45516592,0.5912297,-0.6467582,-0.87111694,0.36802226,-0.0032279082,-0.032438174,0.24100547,0.35329127,-0.042895734,-0.24488461
-0.16952154,0.42664328,0.50141275,-0.6572509,-0.900807,0.1558362,-0.01258542,0.03531541,0.08865951,0.48240668,-0.097080484,-0.4154092
-0.11983223,0.38795373,0.4683025,-0.62048924,-0.88337475,0.15379553,-0.021538522,0.06993322,0.04395878,0.549164,-0.04109946,-0.39899
-0.06465736,0.28853437,0.46855444,-0.61409444,-0.8539879,0.15304981,-0.039742533,0.07326914,0.101934746,0.53859484,0.011172101,-0.38247722
-0.048950974,0.24567059,0.42337412,-0.61835206,-0.82044894,0.07135412,-0.019498441,0.15650338,0.12272763,0.5461414,0.12841411,-0.34473002
-0.027368803,0.26372737,0.36617064,-0.62291396,-0.8448306,-0.034953292,-0.06614445,0.16586131,0.16684404,0.42669356,0.13342127,-0.43283004
-0.03938572,0.29183805,0.46212393,-0.64351344,-0.8336604,-0.0026439987,-0.07150154,0.1575549,0.25467587,0.3854421,0.060446195,-0.40641963
-0.014311226,0.24899828,0.40032163,-0.71428716,-0.81171817,-0.06696324,-0.07363883,0.17998293,0.18896893,0.40989307,0.049316093,-0.49294865
0.031172482,0.24279246,0.23986149,-0.7436433,-0.8110559,-0.17341433,-0.112622246,0.26277947,0.074159786,0.37923217,0.14035007,-0.5347147
0.01411508,0.25461546,0.32855922,-0.73783016,-0.8253535,-0.15551314,-0.10787468,0.24142784,0.22614856,0.3045445,0.0993415,-0.48755312
0.01796333,0.23001708,0.1486885,-0.84573436,-0.80918235,-0.17478757,-0.12884052,0.22632542,0.10077061,0.2558227,0.14110622,-0.5390614
0.010793332,0.2532081,0.2119348,-0.8634771,-0.7561226,-0.1565751,-0.14803505,0.23339447,0.10625748,0.26553702,0.132849,-0.55478305
0.018613337,0.24983022,0.08106007,-0.8810483,-0.7341993,-0.1965241,-0.16463105,0.2581249,0.03823043,0.27774656,0.18114027,-0.60845435
0.015060572,0.22678332,-0.0040742904,-0.9322709,-0.78074163,-0.279673,-0.15707496,0.16528264,0.050117407,0.24777699,0.2316151,-0.66677874
0.03089899,0.22234446,-0.15070936,-0.93105364,-0.69869876,-0.27192572,-0.1886415,0.18826792,-0.044418275,0.29544988,0.25123,-0.73465145
0.0066935024,0.2503153,-0.21934804,-0.9096061,-0.67843896,-0.28015575,-0.17962287,0.17133042,-0.08427672,0.27910206,0.36016104,-0.6777167
0.053003687,0.23981152,-0.30531237,-0.8939338,-0.6141846,-0.36525595,-0.18242466,0.16104934,-0.13041067,0.31385314,0.38274363,-0.7373127
0.027311174,0.29762322,-0.31995305,-0.9540299,-0.6398512,-0.3851946,-0.1820247,0.12135342,-0.16114397,0.30895242,0.35635835,-0.77528787
0.029440923,0.2226178,-0.43283767,-0.9915581,-0.6254175,-0.41757777,-0.19051857,0.051187992,-0.2131037,0.322168,0.4159441,-0.8170886
0.0442426,0.22871296,-0.49187005,-0.91509223,-0.45988578,-0.3585649,-0.16414018,0.06442344,-0.37407985,0.48468018,0.4212193,-0.8228388
0.025011433,0.24149527,-0.46477157,-0.9944645,-0.51658297,-0.38824904,-0.16763131,0.025056273,-0.3488045,0.4190321,0.4315074,-0.8363
0.025733477,0.21816866,-0.54210025,-0.98893774,-0.5287957,-0.38965967,-0.18924467,0.01631412,-0.3238539,0.32462257,0.46934807,-0.77393436
0.027268058,0.23598202,-0.6002064,-0.9660567,-0.4915803,-0.35149634,-0.18685766,0.012065053,-0.4202263,0.43629906,0.50859505,-0.79261506
0.034819927,0.24281526,-0.63371634,-0.94211805,-0.4669751,-0.27511156,-0.20298336,-0.07720399,-0.5315768,0.45334303,0.45826498,-0.77094984
0.032480467,0.19924131,-0.61171156,-0.91738033,-0.35979342,-0.18177477,-0.19265752,-0.05554869,-0.6334515,0.571555,0.5215949,-0.6659193
0.024292586,0.16848391,-0.72585934,-0.9087615,-0.3236301,-0.1951877,-0.23656143,-0.1622474,-0.5799226,0.3977989,0.72565144,-0.50057656
0.03317469,0.1772967,-0.7500716,-0.82158494,-0.23114397,-0.14510253,-0.20400651,-0.18039493,-0.7039023,0.56395537,0.66305333,-0.51434714
0.029018542,0.13913555,-0.7747815,-0.72317743,-0.13450627,-0.04255535,-0.20378788,-0.16292906,-0.7358671,0.56909245,0.7385883,-0.35477754
0.033968437,0.13121516,-0.76134676,-0.73426855,-0.114106774,-0.03591165,-0.22972374,-0.26565188,-0.79422617,0.5829653,0.69490016,-0.37970832
-0.00077662105,0.16031668,-0.79807395,-0.6930847,-0.036896363,0.03442293,-0.20203277,-0.24181479,-0.89335406,0.69552255,0.75134176,-0.38026178
0.0026274673,0.072756454,-0.7818453,-0.59630144,-0.013499543,0.06583314,-0.19799605,-0.22286192,-0.80737907,0.66202277,0.8857148,-0.21663022
-0.002988445,0.054048017,-0.82938844,-0.560447,0.012847468,0.09300694,-0.22446854,-0.2678825,-0.810319,0.6589237,0.9402719,-0.17378417
-0.04418868,0.039288312,-0.74494666,-0.5978239,0.106285855,0.24624778,-0.1600292,-0.19676545,-0.9005919,0.7794164,0.96731055,-0.09168278
-0.046773203,0.003417097,-0.70427185,-0.60649025,0.10608049,0.26474375,-0.17023022,-0.21832746,-0.89130896,0.7958707,0.9654978,-0.0714519
-0.0295061,-0.019502908,-0.7359317,-0.52919817,0.105536,0.32407063,-0.20374276,-0.20519018,-0.84484607,0.75566834,0.963377,0.01522778
-0.052419495,-0.022966117,-0.6301048,-0.5224705,0.085619316,0.35582387,-0.17614634,-0.20713677,-0.8132704,0.76238817,0.9725895,-0.00074723363
-0.0490972,-0.04762417,-0.6809664,-0.48609015,0.054684788,0.3795086,-0.22082771,-0.16934733,-0.7727353,0.7126872,1.0079913,0.08480918
-0.06428176,-0.09714146,-0.67005205,-0.47900042,0.08006078,0.4402648,-0.2023042,-0.15266189,-0.78105617,0.7536995,0.958986,0.096181735
-0.06411085,-0.09908798,-0.6096228,-0.46652874,0.072827354,0.4648235,-0.1795025,-0.15266022,-0.76875263,0.734919,0.9789641,0.14846484
-0.06986589,-0.15115699,-0.6139861,-0.46156636,0.0421734,0.4570577,-0.21043499,-0.14578822,-0.71407354,0.70727235,0.931929,0.1471684
-0.07047982,-0.150967,-0.5963136,-0.4611608,0.06388505,0.46383885,-0.17257445,-0.14020143,-0.7058037,0.7278104,0.92431635,0.14687398
-0.060936898,-0.14433518,-0.46460962,-0.4685563,0.02204071,0.530155,-0.16530962,-0.12471721,-0.67355865,0.7077661,0.9093569,0.18312289
-0.07842952,-0.1819894,-0.52203155,-0.39292508,-0.044169888,0.53802556,-0.17710024,-0.11446828,-0.581333,0.6344119,0.89984745,0.2518342
-0.07851477,-0.15619054,-0.34333593,-0.47630802,-0.033720627,0.6116127,-0.14063723,-0.11740352,-0.5532499,0.6582256,0.858476,0.24417172
-0.09237733,-0.15247339,-0.32365593,-0.47961223,-0.07567665,0.62401736,-0.14743467,-0.09641288,-0.53031397,0.6265332,0.8466116,0.28037393
-0.114541635,-0.13410676,-0.26700813,-0.5114124,-0.16142243,0.6801967,-0.15311526,-0.07951963,-0.40281224,0.5390943,0.7575701,0.23858136
-0.096703276,-0.15326947,-0.30729455,-0.45075104,-0.15688822,0.63545203,-0.14490488,-0.07433653,-0.40474886,0.5694763,0.7530582,0.19475868
-0.111556366,-0.14473629,-0.2789138,-0.40839365,-0.21836567,0.675824,-0.12924065,-0.086276,-0.3718508,0.55451804,0.71056634,0.26645842
-0.11951211,-0.06444748,-0.04578647,-0.4177827,-0.29202998,0.75465137,-0.088784724,-0.08028277,-0.19201908,0.53424394,0.61627305,0.27883604
-0.14281055,-0.04617268,0.013315037,-0.44172978,-0.29331148,0.7620749,-0.05721498,-0.051184386,-0.19323969,0.5472574,0.61596715,0.26168832
-0.18622869,-0.037044883,0.08885592,-0.4253315,-0.28547356,0.82069945,-0.03307605,-0.057326376,-0.12575443,0.4778577,0.5485212,0.2799303
-0.16264533,0.00045144558,0.054559216,-0.32444012,-0.38850164,0.79706925,-0.029041093,-0.07083976,-0.031030472,0.46614122,0.47833604,0.25923157
-0.17286226,0.028119132,0.164152,-0.3833181,-0.41911852,0.8447785,-0.024491854,-0.08573376,0.017817643,0.47262675,0.39841598,0.24755093
-0.1924985,0.050781593,0.21930382,-0.39380616,-0.446288,0.8212167,-0.011169635,-0.06628434,0.056931827,0.41797823,0.31280434,0.21301492
-0.17417587,0.12934744,0.3095967,-0.42263234,-0.5091792,0.8261792,-0.032052573,-0.13630147,0.006411109,0.45774168,0.23411663,0.22024997
-0.22204605,0.17585886,0.37435758,-0.5258904,-0.5326695,0.8730762,-0.016276784,-0.12409099,0.098591775,0.3826473,0.19552651,0.20654657
-0.25143442,0.24655955,0.44620618,-0.517012,-0.6229238,0.79234046,0.004868904,-0.08217386,0.24543096,0.29740298,0.10502875,0.07320872
-0.26228854,0.22884755,0.40044832,-0.4846447,-0.72818947,0.71218115,0.016798614,-0.0853489,0.25884092,0.31403205,0.05479583,0.069756195
-0.21661827,0.29930025,0.42068848,-0.42252472,-0.7504793,0.65723294,0.011908345,-0.081763715,0.27151573,0.33268481,0.045027345,0.049394585
-0.2824617,0.35720563,0.54375064,-0.5599278,-0.78794616,0.59732926,0.019557849,-0.09642023,0.3093799,0.33481777,-0.014589116,-0.019478396
-0.32633597,0.33006686,0.57521105,-0.6380429,-0.80763704,0.57201546,0.026824705,-0.072772115,0.37596625,0.268648,-0.03254217,-0.03484246
-0.33324412,0.36907586,0.6449725,-0.65404665,-0.8149349,0.4939373,0.030393075,-0.05321434,0.36637622,0.27648515,-0.1093505,-0.13997285
-0.34635016,0.3389282,0.70212466,-0.6941924,-0.8907639,0.40219435,0.04109587,-0.05979024,0.4485126,0.25529718,-0.14630693,-0.16015792
-0.3189584,0.34202725,0.66915387,-0.66979074,-0.9312734,0.34356022,0.033520598,-0.04388971,0.42903167,0.2957444,-0.20576954,-0.23428228
-0.25175416,0.32127762,0.6474509,-0.6990726,-0.99441904,0.16241515,0.015626624,-0.010662466,0.3550868,0.37726367,-0.23763657,-0.38490695
-0.21001844,0.26762575,0.649846,-0.7162241,-0.9764394,0.20316038,-0.0009654537,-0.033253103,0.45792216,0.32432923,-0.21918756,-0.2804261
-0.18934366,0.27296743,0.5772323,-0.7095684,-1.0199118,0.101444796,-0.0009767897,0.04152833,0.43530303,0.32085842,-0.1674174,-0.32657784
-0.192455,0.35402825,0.6119735,-0.681509,-1.0868037,-0.018292453,0.012956627,0.06599434,0.47705346,0.298899,-0.12729621,-0.33251712
-0.16155952,0.2846975,0.5897933,-0.6556248,-1.0477363,-0.013353314,-0.0021288618,0.08321005,0.44803458,0.27528483,-0.101681024,-0.30767453
-0.13557237,0.26329237,0.5580659,-0.72352815,-1.0445573,-0.058308106,-0.01807924,0.13009304,0.4027001,0.29991993,-0.13069531,-0.40773505
-0.10569842,0.24170491,0.47018853,-0.7096087,-1.0372804,-0.12675135,-0.030490804,0.17973202,0.41089332,0.25287196,-0.0622568,-0.37588722
-0.084919855,0.25746322,0.4408889,-0.7194222,-0.9563958,-0.0923951,-0.0414822,0.24850136,0.3364905,0.31875724,-0.076544106,-0.41599727
-0.042077955,0.17440312,0.35564265,-0.77988935,-0.9512851,-0.15919974,-0.073045954,0.20455924,0.27957147,0.30878395,-0.028269082,-0.5117011
-0.036857057,0.20881903,0.3659171,-0.7769922,-0.8958724,-0.1485617,-0.082207665,0.20130959,0.29168224,0.26689553,0.0445603,-0.4480096
-0.014313314,0.191157,0.30307713,-0.81452703,-0.90930396,-0.22509363,-0.08045772,0.21153152,0.2523513,0.30174053,0.08444476,-0.50870574
-0.040116973,0.26601148,0.32673526,-0.85845757,-0.8798094,-0.20657767,-0.09213026,0.22771081,0.23037954,0.2819472,0.077747785,-0.6076984
-0.027760604,0.25600934,0.21651597,-0.8784771,-0.8850319,-0.25707853,-0.122491404,0.21890771,0.19082364,0.30337954,0.10071673,-0.64884794
-0.048520163,0.33333018,0.16423857,-0.8593987,-0.8586572,-0.24766387,-0.10392754,0.1966179,0.17549719,0.25078934,0.12117849,-0.6543311
-0.014095543,0.28334028,0.040359184,-0.9234947,-0.8125343,-0.3076628,-0.11558746,0.18840355,0.04651062,0.32732654,0.16975212,-0.76147294
-0.029667707,0.24121282,0.03515783,-0.97975886,-0.82895476,-0.30738682,-0.11637272,0.14215633,0.10369851,0.27087626,0.15035126,-0.81511045
-0.026450956,0.20211054,-0.2006037,-1.0333525,-0.78217995,-0.34824142,-0.13084316,0.13171637,0.013786774,0.26210743,0.3049277,-0.8440865
-0.023009138,0.2693698,-0.26041383,-1.0418392,-0.7414682,-0.36631146,-0.159064,0.09193438,-0.06431543,0.2637749,0.31978154,-0.8621893
0.00037228828,0.20469311,-0.3527732,-1.0706449,-0.68252265,-0.39328372,-0.19073054,0.044504046,-0.08001858,0.22290958,0.37824714,-0.84835
0.0024778894,0.24752977,-0.3599648,-1.0270357,-0.66329306,-0.33958378,-0.20023209,0.033835843,-0.16066109,0.29998246,0.37709028,-0.8543823
-0.015440868,0.25525033,-0.42094612,-1.0333805,-0.5798277,-0.3285246,-0.19024967,0.00979504,-0.25024396,0.3267519,0.42640862,-0.8988033
-0.0015520924,0.20976482,-0.41841024,-1.061194,-0.57966524,-0.29663566,-0.17826734,-0.048275664,-0.33680844,0.3839846,0.37743953,-0.90373373
0.021783514,0.21994388,-0.5210437,-1.0180823,-0.54423213,-0.29187948,-0.20112771,-0.07287255,-0.38738465,0.35694298,0.42607516,-0.8395195
-0.020245956,0.24393381,-0.56579405,-1.0222343,-0.4826454,-0.26453352,-0.17744221,-0.089347914,-0.47283128,0.3879518,0.47196138,-0.8622765
0.011692246,0.19552454,-0.5822268,-0.98304653,-0.41067415,-0.2299909,-0.20532249,-0.19515808,-0.5056308,0.3536185,0.47740012,-0.8135215
-0.0006781467,0.19067173,-0.601101,-0.94446075,-0.36841756,-0.1703914,-0.22023107,-0.19202162,-0.5918514,0.44226298,0.5207753,-0.755908
0.0080806,0.17935418,-0.62220544,-0.8578079,-0.2652012,-0.13087147,-0.19868031,-0.19316965,-0.6558549,0.51859534,0.62359256,-0.638601
0.00034577167,0.1936681,-0.6933662,-0.7937199,-0.20412633,-0.056627203,-0.21233076,-0.27258986,-0.7502126,0.5432694,0.6717788,-0.52829635
-0.015711742,0.20031863,-0.6976089,-0.8049108,-0.20527226,-0.0648541,-0.21473056,-0.2755755,-0.78899515,0.5729758,0.68489784,-0.58735126
-0.02287058,0.17231894,-0.7898646,-0.72639894,-0.07121499,0.029565204,-0.1931723,-0.30848345,-0.8957979,0.642371,0.7058422,-0.49421597
-0.014560537,0.095037766,-0.7603255,-0.65601707,-0.061496496,0.07659598,-0.22106396,-0.32283217,-0.77154124,0.5707428,0.8039798,-0.36482123
-0.0202529,0.06607053,-0.72121686,-0.60324717,-0.052156925,0.13284482,-0.22678317,-0.3211973,-0.7465648,0.5877149,0.86078554,-0.2651427
-0.06074999,0.04923311,-0.741415,-0.60809267,0.0107792765,0.162054,-0.20565732,-0.29628986,-0.7957426,0.66540164,0.86943084,-0.24767357
-0.08170683,0.01863224,-0.63296986,-0.6209365,0.034814164,0.24805798,-0.16797076,-0.26160043,-0.76347804,0.6978329,0.92785245,-0.16050515
-0.061269563,-0.011853293,-0.60962486,-0.55621135,0.055004507,0.30238697,-0.19211207,-0.2542858,-0.7473441,0.66630954,0.92888176,-0.054603368
-0.06407112,-0.041304275,-0.5636398,-0.51196015,0.06825678,0.36743277,-0.18909101,-0.21252576,-0.7495871,0.6653341,0.9334809,0.04720184
-0.09553008,-0.0755454,-0.5180394,-0.49437585,0.0069502443,0.4221987,-0.18233329,-0.18544607,-0.62822163,0.6213765,0.9176187,0.059699163
-0.07374917,-0.11567058,-0.5163797,-0.491437,0.028783277,0.44711804,-0.19316451,-0.19928361,-0.66709757,0.633878,0.90056175,0.09373639
-0.08882876,-0.14716652,-0.48362094,-0.47193387,-0.01772438,0.5012269,-0.1781645,-0.15169942,-0.5852308,0.6178109,0.8982698,0.12242115
-0.101852894,-0.17159292,-0.4988047,-0.45543295,0.021105126,0.5241409,-0.16875891,-0.14021626,-0.6245559,0.6289586,0.91444534,0.21876971
-0.10184732,-0.14596316,-0.46722728,-0.47262055,0.014907107,0.56557196,-0.1565589,-0.15233067,-0.6323019,0.618441,0.8718414,0.24575348
-0.09654644,-0.15303445,-0.45831662,-0.43301973,-0.02587752,0.5714701,-0.1618656,-0.12816988,-0.5922379,0.5482384,0.8092541,0.23518643
-0.124059126,-0.14172295,-0.39757535,-0.42401603,-0.04767707,0.60699385,-0.11769229,-0.09123643,-0.54786485,0.5906398,0.8222383,0.27816802
-0.10196533,-0.17462891,-0.4010439,-0.46516684,-0.047025934,0.57100445,-0.1625173,-0.11026817,-0.55875075,0.5845944,0.7813012,0.22865878
-0.11905573,-0.13023828,-0.3475561,-0.43709022,-0.01845342,0.6456083,-0.1205855,-0.11442551,-0.59485346,0.5623323,0.7611123,0.28571743
-0.12768908,-0.16373923,-0.30019638,-0.41961655,-0.14393477,0.6113036,-0.10388072,-0.095300965,-0.42718557,0.52918077,0.72851783,0.27414146
-0.14621204,-0.10238339,-0.13525586,-0.45144814,-0.16651347,0.7061408,-0.08698164,-0.06642283,-0.37492007,0.5270679,0.71850574,0.30631673
-0.15844724,-0.09904629,-0.17830768,-0.47432163,-0.20078696,0.71530974,-0.11637665,-0.05879666,-0.36947265,0.5195296,0.6982698,0.27957073
-0.14933668,-0.06491308,-0.10250324,-0.43280518,-0.2521132,0.8201399,-0.10352968,-0.07414461,-0.31796,0.49859536,0.5936932,0.3051163
-0.15972053,-0.04693806,-0.04293759,-0.38208717,-0.28648227,0.8103378,-0.056767736,-0.056369722,-0.2666997,0.5496087,0.62189627,0.33607906
-0.18509258,-0.078128934,-0.0042026937,-0.3888865,-0.35545415,0.81458527,-0.06810741,-0.07640057,-0.16886245,0.50079435,0.51621926,0.32511413
-0.20198011,0.05114889,0.16813467,-0.43085083,-0.36212504,0.9049543,-0.024270382,-0.066137895,-0.1341099,0.49379647,0.46437722,0.33357024
-0.21435443,0.053424276,0.1696437,-0.4260566,-0.39039803,0.87312764,-0.00931517,-0.08267201,-0.086726926,0.49329686,0.42251506,0.30037042
-0.2148677,0.05855809,0.19900207,-0.40249088,-0.457173,0.8315947,-0.025540397,-0.0892817,0.0041906796,0.4403864,0.339737,0.26124159
-0.23136838,0.16750352,0.31880036,-0.4325144,-0.47162974,0.8566369,0.008655198,-0.06534011,0.069124565,0.3854792,0.27717435,0.20354348
-0.2496576,0.2570365,0.46836314,-0.48235384,-0.4245019,0.84217393,0.017029556,-0.10661648,0.053393546,0.40069276,0.2089347,0.18394443
-0.26487377,0.29280245,0.47183242,-0.50124574,-0.57883924,0.78775144,0.021877304,-0.088185064,0.1699815,0.3908198,0.15796122,0.10956345
-0.24926591,0.24505717,0.46021155,-0.522347,-0.5966898,0.7554303,0.005197175,-0.09720058,0.10963546,0.363073,0.0970281,0.0614551
-0.26586944,0.43230686,0.6510297,-0.5945716,-0.63047993,0.7805285,0.02761202,-0.08488565,0.17525832,0.37876394,0.04954779,0.002287574
-0.25166285,0.40069285,0.62732893,-0.57815194,-0.713309,0.66774064,0.014796834,-0.09321484,0.1996568,0.37196612,0.000577718,-0.014533326
-0.28581604,0.3175053,0.5570229,-0.5940695,-0.8278181,0.5668514,0.0038829427,-0.06085206,0.3053357,0.28748125,-0.043271124,-0.061291233
-0.29850104,0.40613785,0.64828765,-0.5828049,-0.8641829,0.4500362,0.031980604,-0.04422699,0.40901864,0.24528483,-0.08851753,-0.18451494
-0.22205792,0.41083187,0.5151272,-0.5225612,-0.92894787,0.31286103,0.011278763,-0.019753262,0.3038975,0.3569938,-0.061711222,-0.21332139
-0.23583348,0.35653836,0.604069,-0.5887499,-0.91071475,0.2723044,0.012414865,-0.038888298,0.3638602,0.3062818,-0.13744798,-0.2531272
-0.20144305,0.36140996,0.60080945,-0.5437857,-0.9428958,0.19584012,0.008705698,-0.039697,0.27420545,0.36337796,-0.10484606,-0.21876255
-0.20400797,0.3553353,0.6180554,-0.59942234,-0.9614746,0.10985209,0.00705244,0.021675244,0.33946675,0.33856493,-0.16900638,-0.36243415
-0.09494897,0.25476462,0.45679167,-0.56667805,-0.9369752,-0.022070069,-0.015214581,0.09473649,0.27896994,0.32119912,-0.07130113,-0.3618069
-0.07105408,0.20266283,0.47159755,-0.59544504,-0.8964292,-0.04106948,-0.05876301,0.06531873,0.2341847,0.31867617,-0.08365165,-0.37877142
-0.072316736,0.25681606,0.45775566,-0.61000574,-0.86743885,-0.056551903,-0.046151493,0.115400374,0.2414575,0.33485603,-0.0064479113,-0.39976195
-0.046807587,0.21659021,0.442793,-0.6239457,-0.8560821,-0.093556345,-0.05500986,0.15682968,0.22015415,0.3630619,0.00092209876,-0.41675806
-0.06888371,0.25033444,0.49254107,-0.645254,-0.8724804,-0.097525775,-0.060915854,0.110597074,0.33421695,0.26882142,-0.0007838309,-0.40292746
-0.06258119,0.31086183,0.45078728,-0.658996,-0.8512236,-0.12911852,-0.06329663,0.14545333,0.28696,0.26583377,-0.029488727,-0.4505465
-0.02664869,0.2692358,0.3093971,-0.7106217,-0.79370147,-0.19344543,-0.08822389,0.18118337,0.15935369,0.30383292,0.0090153515,-0.5554466
-0.046812423,0.2914108,0.38068765,-0.79284394,-0.8176249,-0.18146749,-0.10039197,0.15104109,0.17716762,0.2596128,-0.014436856,-0.5872261
-0.015754865,0.26938644,0.31022048,-0.7671175,-0.78315884,-0.18994327,-0.10929015,0.1527338,0.1502866,0.26654476,0.052548043,-0.53210855
-0.031469397,0.2634096,0.23887789,-0.84752905,-0.7717001,-0.1718433,-0.0926256,0.16063437,0.14766757,0.2648765,0.123179525,-0.58679634
0.007548032,0.23395935,0.07009213,-0.8572537,-0.7768838,-0.25359392,-0.12584086,0.112339795,0.06921044,0.2477346,0.1676578,-0.68447083
-0.037546124,0.26960775,0.12204598,-0.8882452,-0.77392536,-0.22554542,-0.12691334,0.1212565,0.08158027,0.27382463,0.16090772,-0.71556425
-0.026297444,0.21770181,-0.0021573529,-0.944373,-0.734432,-0.26680207,-0.122503564,0.08976789,-0.070944935,0.3613922,0.21083617,-0.7611533
-0.021692889,0.20988691,-0.04852724,-0.9688437,-0.74087715,-0.3054483,-0.11415255,0.08618073,0.0032030456,0.3023376,0.28192204,-0.7838861
-0.006743739,0.2328555,-0.18384176,-1.0153047,-0.7471902,-0.36039132,-0.15271372,0.06516227,-0.074709974,0.27691528,0.27850068,-0.8659738
-0.01941544,0.23583099,-0.22608942,-1.0599822,-0.70140916,-0.3170571,-0.14533192,0.014218837,-0.1616954,0.34338984,0.29338083,-0.8850379
0.003856053,0.25091165,-0.2958585,-1.1223359,-0.6436574,-0.36987454,-0.17685136,0.050091207,-0.23795217,0.32996053,0.32912976,-0.90744567
-0.008541243,0.2593741,-0.37353188,-1.1066484,-0.6105137,-0.31366205,-0.20281406,0.0053844154,-0.31552592,0.34625062,0.3908421,-0.8512798
-0.00012140209,0.2514863,-0.41937405,-1.0489805,-0.54969937,-0.29579866,-0.20229848,-0.033930816,-0.35231507,0.35329142,0.40899366,-0.88468087
0.0058656014,0.2457758,-0.49591988,-1.0626363,-0.5139412,-0.27812284,-0.21735807,-0.084600724,-0.4299752,0.37170446,0.45621747,-0.87428546
-0.0018673786,0.20099947,-0.5305465,-1.0397888,-0.46499658,-0.18669923,-0.19690894,-0.13861951,-0.5420115,0.43810812,0.47546458,-0.81897604
-0.012711296,0.19995803,-0.5681399,-0.9729347,-0.45743644,-0.20254149,-0.18052574,-0.17105201,-0.46081573,0.31474137,0.5758043,-0.747621
-0.0035500177,0.21375749,-0.5140809,-0.91873395,-0.43070024,-0.15771626,-0.20437266,-0.18615678,-0.4582352,0.32675865,0.5432564,-0.71752757
-0.011516141,0.22303843,-0.56881934,-0.91747105,-0.33717817,-0.1359275,-0.19309534,-0.20988607,-0.61844975,0.44288504,0.55699843,-0.6845389
-0.042762313,0.19046134,-0.5749535,-0.9088193,-0.31359184,-0.05417974,-0.17103487,-0.23988238,-0.6885646,0.4939459,0.605229,-0.6373249
-0.023704113,0.16233063,-0.6194745,-0.82054996,-0.26991802,-0.07046692,-0.16697472,-0.28491843,-0.6648484,0.49900717,0.6448661,-0.5887834
-0.029798085,0.16029741,-0.6057939,-0.7572501,-0.23963594,-0.016166057,-0.16177507,-0.26721132,-0.6644649,0.47059572,0.6399571,-0.5380249
-0.026772978,0.1432018,-0.6447379,-0.7195672,-0.18359698,0.0026495494,-0.16382994,-0.29674965,-0.7633261,0.504943,0.6614132,-0.4833364
-0.0037129023,0.07137197,-0.7099106,-0.6779696,-0.13695723,0.0017741956,-0.22333951,-0.35149586,-0.6510491,0.40249765,0.75202584,-0.36560646
0.006429305,0.058326863,-0.6912914,-0.6439611,-0.12370835,0.0050921403,-0.22932865,-0.37337035,-0.7264038,0.47565508,0.689109,-0.40623933
-0.0066351765,0.038392723,-0.73445255,-0.58940554,-0.08111179,0.07072605,-0.24333973,-0.34401017,-0.6860294,0.48050278,0.7676118,-0.29568857
-0.034373183,-0.009853214,-0.7319285,-0.6129005,-0.06923595,0.14094436,-0.24891539,-0.3142232,-0.7284594,0.5707344,0.77534294,-0.27296257
-0.04558854,-0.017624408,-0.69762444,-0.63979673,-0.014508694,0.14078365,-0.21195762,-0.3090146,-0.7631691,0.627628,0.81042963,-0.23996401
-0.045059618,-0.06310406,-0.63000274,-0.55183756,-0.030217871,0.24741964,-0.21644245,-0.28861773,-0.6937166,0.56962204,0.7565761,-0.11939171
-0.072948486,-0.12629399,-0.6094141,-0.5322592,-0.08135994,0.30735552,-0.1994178,-0.29712182,-0.61750746,0.5692924,0.7915502,-0.08956574
-0.05612937,-0.12440339,-0.61305827,-0.49732515,-0.015983775,0.34575313,-0.22390135,-0.2927276,-0.6812586,0.56674767,0.7926912,-0.030153044
-0.05056598,-0.15423411,-0.6335359,-0.49184635,-0.090541944,0.33439726,-0.24459611,-0.2811827,-0.6331141,0.5645521,0.7888253,-0.0077362806
-0.08024085,-0.14390841,-0.5710954,-0.4955145,-0.088730514,0.4113988,-0.23437412,-0.27348483,-0.63940805,0.5503348,0.81459063,0.06997818
-0.104932584,-0.17189303,-0.51655155,-0.51301897,-0.06659658,0.460373,-0.20933056,-0.20755373,-0.5954671,0.56838953,0.8304889,0.12729026
-0.08277498,-0.18161756,-0.46170545,-0.5031399,-0.06443824,0.48542023,-0.22044237,-0.2236815,-0.5796066,0.54532474,0.7644417,0.1672915
-0.0937524,-0.22834104,-0.42770356,-0.5022696,-0.09419675,0.5523391,-0.21143037,-0.1619079,-0.5164722,0.5390842,0.79557836,0.21119867
-0.09999612,-0.15780833,-0.29285666,-0.48576558,-0.142984,0.65221006,-0.16338901,-0.1834291,-0.44250622,0.53730196,0.71888983,0.29902056
-0.10987891,-0.18997672,-0.29467142,-0.48933432,-0.17399253,0.6762527,-0.16542675,-0.16922499,-0.40367788,0.4880231,0.6432815,0.28880283
-0.107862025,-0.16843158,-0.20908582,-0.45286092,-0.17801921,0.7140841,-0.15115237,-0.1537609,-0.35499007,0.4876647,0.6570344,0.35256672
-0.12773846,-0.14979246,-0.12590897,-0.47742748,-0.24405901,0.78103215,-0.13983765,-0.121657684,-0.2615606,0.45649362,0.6392059,0.3814443
-0.14289212,-0.113494575,-0.034658417,-0.46225935,-0.25731868,0.81495994,-0.09384216,-0.083700046,-0.21946254,0.4505359,0.61227643,0.41355598
-0.17997295,-0.09333143,-0.061854213,-0.40626797,-0.35874328,0.7896038,-0.08323954,-0.08292183,-0.11947814,0.39934212,0.52176464,0.37897205
-0.1435454,-0.12578367,-0.09379372,-0.37594384,-0.3408454,0.78692156,-0.08007316,-0.09978185,-0.12893787,0.4067167,0.5531292,0.45483315
-0.17330778,-0.103932485,-0.062499255,-0.39553586,-0.34612882,0.7910057,-0.076726615,-0.09106818,-0.13045485,0.3832184,0.49660197,0.42441672
-0.2176091,-0.024093062,0.11437802,-0.43422213,-0.3712303,0.8946691,-0.016944509,-0.09046299,-0.002023492,0.40825295,0.4331987,0.39514485
-0.2407212,-0.024833322,0.040438645,-0.37979385,-0.45256436,0.7895952,-0.014782045,-0.08541358,0.009302232,0.3777793,0.4016246,0.3977757
-0.2024307,0.010356262,0.097707845,-0.28885376,-0.4221431,0.7761896,0.0169051,-0.06582515,0.028002482,0.42043483,0.39897567,0.318483
-0.24313945,0.0514296,0.15077457,-0.35460225,-0.49899822,0.76673913,0.020080667,-0.079510696,0.09187968,0.37646765,0.35745692,0.31169254
-0.24638197,0.09122731,0.23961526,-0.4308466,-0.47773725,0.8393877,0.0031175874,-0.093454346,0.08660464,0.4051966,0.2945168,0.27289975
-0.306435,0.21268833,0.42719552,-0.5600176,-0.51946235,0.90373796,-0.011787243,-0.097063996,0.14994095,0.32852924,0.21146348,0.2350994
-0.2808287,0.1682711,0.27303678,-0.37382644,-0.6413782,0.6992017,0.002008874,-0.099753685,0.14607322,0.34110063,0.18352938,0.20056216
-0.29032496,0.24749759,0.4148738,-0.48295638,-0.64683443,0.6595138,-0.0029088743,-0.10715003,0.15443335,0.3354512,0.112913,0.102687255
-0.2802004,0.26976717,0.575448,-0.538972,-0.62491083,0.6372524,0.022067567,-0.08316974,0.21332695,0.31420964,0.06274845,0.044524036
-0.3056929,0.34538648,0.5466355,-0.52299,-0.81079084,0.5366302,0.034384556,-0.10190744,0.3429772,0.27303034,-0.0141068995,-0.0021832213
-0.29044354,0.32179603,0.57494736,-0.5482167,-0.79428357,0.4653972,0.02945067,-0.035755187,0.37092128,0.24461657,-0.015944093,-0.1000627
-0.27929363,0.36189657,0.6431159,-0.5999255,-0.8840113,0.332115,0.02953632,-0.0478983,0.39236978,0.2595539,-0.12822202,-0.20164898
-0.2749029,0.3707132,0.76775664,-0.65741134,-0.84300303,0.3645724,0.025422247,-0.019552201,0.3939795,0.30917346,-0.13538986,-0.24676195
-0.20856974,0.32289526,0.7500522,-0.6765529,-0.9039896,0.2836299,0.011918968,-0.054232717,0.3271009,0.38381094,-0.11851263,-0.2643347
-0.20693529,0.3196739,0.7116677,-0.7329143,-1.0047739,0.20118222,0.0033096038,-0.012338623,0.2874632,0.42482054,-0.19677639,-0.36251837
-0.1424303,0.28188974,0.6071232,-0.718055,-1.0552655,0.08926548,0.00060722977,0.02345556,0.3019474,0.42827404,-0.19509006,-0.39250255
-0.11416152,0.2504651,0.626626,-0.7574779,-1.0316199,0.049366552,-0.0056628324,0.05073212,0.32863748,0.38382226,-0.183855,-0.44295454
-0.08974765,0.2399151,0.5918594,-0.7424289,-1.0366136,0.0020680912,-0.027903568,0.057960227,0.30200142,0.3981077,-0.15336555,-0.41739196
-0.067106865,0.19440633,0.51268685,-0.8076658,-1.0403081,-0.05639344,-0.04475789,0.13877764,0.28024468,0.42785376,-0.08621138,-0.45119667
-0.03324839,0.17879751,0.42144528,-0.7978077,-0.96411043,-0.117751434,-0.05650479,0.16336733,0.24529149,0.36509722,0.0056035668,-0.5098315
-0.05679562,0.24558735,0.4658647,-0.802333,-0.96942794,-0.11003029,-0.059722308,0.1535686,0.33556464,0.2840753,0.007390216,-0.50033295
-0.03907394,0.22274485,0.39426425,-0.79117346,-0.94580394,-0.12867574,-0.08885722,0.13977244,0.31826982,0.23463987,-0.013958782,-0.5254535
-0.039495565,0.19636008,0.3545614,-0.8690866,-0.9693836,-0.18985318,-0.06740628,0.19532368,0.26497024,0.32366097,-0.010587424,-0.5692307
-0.027444368,0.20144463,0.3361392,-0.839128,-0.9170568,-0.21605724,-0.076609984,0.1581181,0.2508268,0.25347763,0.02302587,-0.57981324
-0.045259107,0.20473722,0.25299358,-0.8777894,-0.9199237,-0.20318268,-0.068857476,0.12867624,0.20501633,0.2501958,0.059411123,-0.63436675
-0.011315899,0.18446995,0.13164705,-0.8851079,-0.863463,-0.27166292,-0.11182837,0.17539683,0.16407046,0.26515096,0.13450502,-0.7157776
-0.040029775,0.22571748,0.11629419,-0.9392737,-0.87336075,-0.27685708,-0.11899178,0.12475988,0.13330068,0.22470988,0.133007,-0.75632536
-0.023752915,0.20401934,-0.0011298582,-0.9656198,-0.80458957,-0.26695096,-0.13057734,0.11661342,0.08854149,0.24002893,0.20639987,-0.7742089
-0.02372201,0.16875413,-0.14325619,-1.0038307,-0.8209912,-0.2925728,-0.12655629,0.096323624,0.01772492,0.25512904,0.24422735,-0.79749244
0.012810124,0.21510658,-0.1779834,-0.9463289,-0.72525424,-0.3357677,-0.15404035,0.07498935,0.028866049,0.17966752,0.28000292,-0.8234918
-0.007907251,0.23871487,-0.28909463,-1.0054716,-0.7372195,-0.3960467,-0.15688212,0.0651162,-0.00913886,0.23329991,0.2894697,-0.84336257
0.0035250238,0.18712139,-0.21691623,-1.0392724,-0.72248685,-0.3643943,-0.124078155,0.06621152,-0.03276129,0.27534086,0.2669025,-0.8640306
-0.01207714,0.22299981,-0.25335348,-1.0424511,-0.6240053,-0.34808993,-0.12986435,0.08487663,-0.15273446,0.35849196,0.3222192,-0.8213943
-0.00055961544,0.1951791,-0.38147444,-1.027907,-0.6324273,-0.3606402,-0.13678928,0.004025787,-0.18711881,0.29974088,0.28579536,-0.9053643
-0.01733409,0.2166549,-0.40332443,-1.0277065,-0.64585185,-0.31659108,-0.12861882,-0.059987374,-0.26269352,0.316464,0.3180762,-0.926558
-0.022301557,0.2270717,-0.42852807,-1.0534513,-0.62676877,-0.3114792,-0.13725527,-0.051116318,-0.30008626,0.34594238,0.3673631,-0.87283826
-0.010225469,0.20000798,-0.46210515,-1.0276601,-0.57226324,-0.2680708,-0.12793691,-0.085068956,-0.37050653,0.42311716,0.39046252,-0.864736
-0.0076283836,0.21639027,-0.42398185,-1.0320777,-0.5436139,-0.23221058,-0.1405497,-0.11503358,-0.40217635,0.36704677,0.43558753,-0.7923155
-0.011539871,0.19398513,-0.5341439,-0.97731173,-0.5011136,-0.20239739,-0.13220958,-0.16839902,-0.47614446,0.39333642,0.47450593,-0.74063754
-0.029775681,0.22115818,-0.57492816,-0.95932484,-0.49525464,-0.18357319,-0.13014215,-0.22822891,-0.5331319,0.44868723,0.45670608,-0.8203888
-0.046153564,0.23590896,-0.5252635,-0.96321607,-0.50650257,-0.124557525,-0.1479306,-0.25360015,-0.5660586,0.46462166,0.44353795,-0.76946247
-0.052070525,0.1975461,-0.52999955,-0.88692486,-0.42525893,-0.08441706,-0.11885415,-0.27532536,-0.50700074,0.38748312,0.50908494,-0.66416085
-0.025482895,0.17674243,-0.5924686,-0.83605766,-0.36660236,-0.078566894,-0.09789017,-0.3617736,-0.5943784,0.47691536,0.50974005,-0.6462689
-0.021285476,0.14730068,-0.7224872,-0.7502459,-0.23710984,-0.025020655,-0.107713446,-0.36921543,-0.65141165,0.41409308,0.60061646,-0.5006915
-0.02736518,0.12961401,-0.6186097,-0.73174226,-0.17987546,0.034332447,-0.101463616,-0.3630902,-0.6778394,0.46879065,0.5917537,-0.44941866
-0.03392105,0.09944692,-0.58471256,-0.71180606,-0.0763143,0.21879274,-0.109376624,-0.3805884,-0.75340456,0.49248207,0.6092027,-0.24585551
-0.042339087,0.08814461,-0.5937976,-0.6783359,-0.035066575,0.19483422,-0.15179832,-0.38973385,-0.7246881,0.4836315,0.70137435,-0.22500429
-0.028184133,-0.017932773,-0.57771266,-0.5729418,-0.009762615,0.2870326,-0.20284973,-0.34847075,-0.6436872,0.42850196,0.7628293,-0.0634999
-0.06495738,-0.0070987195,-0.6070864,-0.55750674,0.06100647,0.3955797,-0.17009297,-0.27123123,-0.7422827,0.59282905,0.83738285,-0.013138965
-0.07892851,-0.06479904,-0.5230841,-0.5171269,0.025208712,0.4321992,-0.19640163,-0.21358183,-0.63696367,0.5116284,0.83438766,0.04413421
-0.09195657,-0.11873606,-0.54415166,-0.49658126,0.031609774,0.46350652,-0.19257917,-0.24304512,-0.61790186,0.50845367,0.868504,0.14293915
-0.079740755,-0.112950504,-0.5618667,-0.4566407,0.010572389,0.44985145,-0.19596998,-0.22661611,-0.6130786,0.530061,0.8171341,0.12407607
-0.081315316,-0.12530503,-0.4603451,-0.4334753,0.011948898,0.4960924,-0.16398896,-0.20462021,-0.57850933,0.5264467,0.81820625,0.17661938
-0.08983216,-0.17347589,-0.46767914,-0.43186003,-0.04905209,0.5164536,-0.18083781,-0.18283111,-0.50781727,0.5342583,0.80002594,0.21439439
-0.11153764,-0.15932879,-0.38974485,-0.41685158,-0.036684632,0.5728373,-0.14858478,-0.13539104,-0.465052,0.55189747,0.77883786,0.2221579
-0.09360224,-0.1755872,-0.3946651,-0.35527396,-0.0410257,0.55091006,-0.14508168,-0.17326416,-0.47383255,0.53711134,0.7435908,0.27092493
-0.119492196,-0.16106191,-0.33927247,-0.41171172,-0.063636124,0.6100087,-0.13559438,-0.15060681,-0.4701723,0.5182216,0.704639,0.27813202
-0.120356634,-0.13761717,-0.24297309,-0.36793658,-0.15368067,0.65823585,-0.10311334,-0.12727855,-0.33678636,0.5056325,0.6594771,0.29695788
-0.12550965,-0.17627367,-0.29719955,-0.3494653,-0.16793463,0.6537482,-0.10550223,-0.13349898,-0.3540059,0.4947502,0.6556635,0.33852196
-0.115912855,-0.1602191,-0.31810516,-0.33187187,-0.2184256,0.60425156,-0.1246033,-0.108478814,-0.33149487,0.4819166,0.62889016,0.28670675
-0.14719109,-0.08761276,-0.122288555,-0.30915806,-0.23816884,0.6981666,-0.055891853,-0.10782209,-0.2581374,0.4679612,0.5730317,0.33987397
-0.15716976,-0.14060465,-0.18237156,-0.2577842,-0.2851928,0.6498842,-0.063329756,-0.08464469,-0.21411866,0.5143982,0.58222085,0.32078916
-0.15920547,-0.08895424,-0.14236134,-0.21399352,-0.28284246,0.66069835,-0.043774385,-0.105073445,-0.21509974,0.5282998,0.5872928,0.3780908
-0.17803612,-0.05536589,-0.08986768,-0.1842753,-0.33774292,0.67513615,-0.0077369846,-0.07425423,-0.165198,0.51776326,0.5597951,0.35277006
-0.1849246,-0.04967998,-0.064591944,-0.13112624,-0.37407827,0.6673123,0.011311177,-0.088989496,-0.12460649,0.5301689,0.5255512,0.3488588
-0.20778587,0.0025884435,0.031797633,-0.19044372,-0.35805976,0.6867158,0.016014852,-0.086624175,-0.12833169,0.54561245,0.4912875,0.33761322
-0.20125186,-0.011520505,0.03750682,-0.19749677,-0.3869425,0.65261483,0.021578398,-0.10372857,-0.071244,0.50059116,0.47152254,0.35636175
-0.22682951,0.035945788,0.15511763,-0.28650382,-0.3773949,0.71681106,0.04162096,-0.06967261,-0.009187054,0.47370583,0.4192407,0.27359343
-0.22915095,0.10613178,0.23376235,-0.35511544,-0.38569397,0.77506024,0.036330003,-0.110956736,0.010422442,0.44616246,0.38776022,0.27245262
-0.23935743,0.13811669,0.2688778,-0.38161466,-0.4092182,0.75332624,0.017504983,-0.08412809,0.018733475,0.3915859,0.3514915,0.26094466
-0.2942467,0.1714908,0.3497393,-0.4597439,-0.5195664,0.79791313,0.023305804,-0.079464406,0.16849361,0.33807808,0.21446896,0.1784325
-0.2742665,0.24876274,0.410877,-0.47424814,-0.47843456,0.80535835,0.028651413,-0.08718385,0.10893753,0.37079346,0.2608021,0.16420686
-0.2755678,0.32968962,0.4677286,-0.49246207,-0.5995499,0.7257635,0.009048345,-0.083837435,0.14924324,0.33438104,0.1575832,0.10264933
-0.29043823,0.3736822,0.51486605,-0.529511,-0.6615074,0.6879783,0.024212629,-0.07994147,0.18606727,0.2975604,0.112205684,0.04783576
-0.28453287,0.44027576,0.60913044,-0.5700621,-0.7347072,0.572602,0.027059479,-0.105464585,0.17071484,0.3355765,0.013829753,-0.06297973
-0.2634328,0.43751195,0.6597338,-0.63180923,-0.7501468,0.5768073,0.004602369,-0.09805289,0.16201808,0.37577993,-0.017377213,-0.091806486
-0.23995058,0.41877174,0.6255211,-0.60227776,-0.7874862,0.467394,-0.0036979206,-0.06639491,0.17937605,0.40459794,0.01610674,-0.15161821
-0.22329694,0.42127478,0.6280907,-0.62796247,-0.8931848,0.32116252,-0.017257161,-0.06839648,0.2794667,0.36600304,-0.073649615,-0.24601
-0.17650808,0.40690085,0.53854907,-0.5985321,-0.90361995,0.23113555,-0.010790031,-0.0072650313,0.17577265,0.45581353,-0.044990256,-0.2878461
-0.15747704,0.417851,0.5119502,-0.6315733,-0.9563269,0.08742039,-0.015018493,0.028475046,0.21646972,0.4230852,-0.04038109,-0.37160042
-0.11886865,0.34732383,0.4939991,-0.658656,-0.8914552,0.056637887,-0.01495219,0.1058436,0.17037284,0.46554673,-0.013353571,-0.40605447
-0.10459491,0.3469844,0.5137368,-0.66477346,-0.89310294,0.016843434,-0.02579097,0.11219728,0.28623465,0.3609442,-0.08620505,-0.42183363
-0.092803046,0.31194425,0.49658978,-0.67156684,-0.9175598,-0.06112961,-0.039903697,0.12862876,0.2554425,0.38173556,-0.045617625,-0.43903434
-0.033934157,0.2693632,0.38406616,-0.63078487,-0.8679387,-0.098906234,-0.072830975,0.17012349,0.22220214,0.3657673,0.03345622,-0.45870036
-0.010322494,0.22058533,0.30554733,-0.64562273,-0.8187568,-0.15400417,-0.10652721,0.13780484,0.18448113,0.28258628,-0.009557337,-0.49853814
0.0056173108,0.21175559,0.33022764,-0.6729821,-0.7678947,-0.15062824,-0.10821314,0.17917237,0.1903077,0.2853511,0.07956684,-0.46247995
-0.01334613,0.21268669,0.17404422,-0.7127967,-0.8143197,-0.21287113,-0.14602496,0.15053257,0.22520737,0.18251438,0.12061936,-0.47636616
0.009022033,0.26417285,0.13757797,-0.71172595,-0.79228944,-0.22643535,-0.16125216,0.21267611,0.2322007,0.14881702,0.21458474,-0.46762693
-0.015478795,0.27253515,0.1623632,-0.7152598,-0.7732014,-0.20805615,-0.1338361,0.20725322,0.23121677,0.17923963,0.17492597,-0.487446
0.010309605,0.24449861,-0.001057364,-0.7526654,-0.7532186,-0.2194155,-0.16356637,0.15532959,0.13257883,0.12475233,0.21344347,-0.54058886
0.015109317,0.29936457,0.031858325,-0.7690084,-0.7427418,-0.31887412,-0.15109953,0.21778211,0.13951741,0.2261685,0.19255078,-0.5989401
0.02195233,0.22284555,-0.09920582,-0.8386556,-0.72231054,-0.33824122,-0.1874949,0.15778372,0.08861251,0.14535478,0.1982154,-0.6811856
-0.0024463148,0.3018068,-0.069526345,-0.83350813,-0.72116315,-0.3742069,-0.1854817,0.13555765,0.10919131,0.1357739,0.2612472,-0.7012678
0.018445706,0.26483786,-0.2969457,-0.8952024,-0.7058797,-0.40861523,-0.18840222,0.117121875,-0.037522838,0.16258244,0.28944504,-0.76987195
0.043784235,0.23461127,-0.28305495,-0.8961301,-0.6695533,-0.39785945,-0.22786053,0.05700007,-0.033891596,0.10890023,0.3440678,-0.69610274
0.029014295,0.25304368,-0.3237464,-0.9286059,-0.64816135,-0.42496035,-0.21976851,0.09931302,0.012432437,0.13199818,0.39951995,-0.7017521
0.030431962,0.21490106,-0.43225408,-0.960232,-0.6122982,-0.42218873,-0.19850414,0.059815213,-0.05953387,0.17043057,0.42784393,-0.71511865
0.044687096,0.22717264,-0.40978014,-0.98676276,-0.61429316,-0.43710518,-0.24255924,0.035953134,-0.0540021,0.09540276,0.4460444,-0.682473
0.042854954,0.1997615,-0.50887585,-0.9972712,-0.5719263,-0.41537127,-0.22824784,0.007160336,-0.1728606,0.15330055,0.4778753,-0.67949617
0.049008097,0.23128611,-0.5030933,-0.99975455,-0.59259814,-0.47465742,-0.21612127,0.005250901,-0.116277605,0.13734196,0.46600792,-0.669826
0.06472184,0.21649247,-0.5320981,-0.97450936,-0.52921605,-0.41161472,-0.23797034,-0.047887012,-0.21952377,0.116312474,0.47063336,-0.6100415
0.037820954,0.20208983,-0.49745768,-1.0026366,-0.522499,-0.3329475,-0.20186253,-0.052859396,-0.3597166,0.31896758,0.41996104,-0.7160691
0.044532057,0.1938752,-0.4750837,-0.97070765,-0.48467833,-0.2773543,-0.22155993,-0.10433939,-0.33055624,0.26855227,0.47046855,-0.6332904
0.03657226,0.17176488,-0.43035293,-0.99636364,-0.48520535,-0.17812864,-0.19018292,-0.14402017,-0.3889366,0.33127314,0.49356958,-0.5356941
0.0029995493,0.15994254,-0.42996544,-1.0087501,-0.40732002,-0.09719756,-0.16037391,-0.14946105,-0.56629956,0.46047568,0.47324866,-0.54773664
0.0031006462,0.16494451,-0.49201792,-0.9441645,-0.377926,-0.09577732,-0.16440712,-0.20626646,-0.6282492,0.5218694,0.49430728,-0.533858
-0.02230251,0.14143439,-0.52251846,-0.9273536,-0.3378419,0.03762522,-0.15940726,-0.2511914,-0.7484726,0.628682,0.47444388,-0.50529635
-0.020820329,0.1564012,-0.66354346,-0.85946095,-0.30593997,0.03774507,-0.15069768,-0.31409258,-0.8407729,0.65203446,0.5473639,-0.4958037
-0.03823665,0.13890982,-0.6389312,-0.8263304,-0.30180526,0.07020457,-0.14305453,-0.38440558,-0.7539737,0.57049066,0.5898609,-0.44593072
-0.015594879,0.08589065,-0.7519599,-0.70988905,-0.21128507,0.12126851,-0.15564397,-0.44014513,-0.74352074,0.51066625,0.68794745,-0.27689272
-0.013704898,0.08162511,-0.78109986,-0.65114427,-0.16054751,0.1561037,-0.21199358,-0.39827132,-0.73743165,0.46988916,0.7639324,-0.20066524
-0.02820559,0.06506824,-0.73821807,-0.5994289,-0.034284547,0.1782747,-0.18920012,-0.37481612,-0.8089959,0.5862065,0.80787385,-0.13397384
-0.063055195,0.005968921,-0.684374,-0.5627011,0.015335053,0.34392488,-0.18242605,-0.32939965,-0.7517473,0.6221052,0.8454867,-0.00619635
-0.10658821,-0.032608002,-0.63844234,-0.5394176,0.040007457,0.4145031,-0.1811668,-0.2890477,-0.7409223,0.6299691,0.83402926,-0.012462132
-0.11760799,-0.029355586,-0.5357048,-0.5154146,0.04579018,0.48706162,-0.15616785,-0.22837605,-0.6808693,0.6016547,0.8303526,0.08392058
-0.10961512,-0.1418688,-0.5247326,-0.4600993,0.016258404,0.52924097,-0.15882637,-0.18800916,-0.60624003,0.6108868,0.86851674,0.15628828
-0.13553369,-0.13199225,-0.42486036,-0.5094454,0.007971749,0.58769906,-0.15005703,-0.18326676,-0.59232706,0.55983484,0.8006951,0.1735792
-0.10589762,-0.16645566,-0.38574037,-0.41847023,-0.025138319,0.5822814,-0.15740183,-0.17534898,-0.51869833,0.4901932,0.7638064,0.25317684
-0.13501288,-0.13381636,-0.3167816,-0.47662103,-0.11651617,0.6300733,-0.13981159,-0.09507078,-0.38472915,0.5126381,0.7860067,0.1876137
-0.13617077,-0.1994749,-0.29774603,-0.42976025,-0.13131464,0.6377561,-0.119482264,-0.08984042,-0.3465972,0.50100905,0.7392147,0.2562853
-0.1502122,-0.11635661,-0.2553571,-0.4633427,-0.14303762,0.6912386,-0.1045371,-0.08648257,-0.33216807,0.48833525,0.7216182,0.24944809
-0.13933133,-0.17475042,-0.25527027,-0.4181174,-0.15155241,0.67067975,-0.11989294,-0.11881964,-0.35655284,0.45719492,0.628829,0.29099613
-0.13538526,-0.18820766,-0.23206848,-0.3898058,-0.16161922,0.6991831,-0.10337138,-0.12649031,-0.29740337,0.47805768,0.6052633,0.29896778
-0.13701233,-0.13836649,-0.133693,-0.383291,-0.22200105,0.7056299,-0.089875355,-0.102646425,-0.23391391,0.45773518,0.5310091,0.25289235
-0.17913517,-0.13876471,-0.1071423,-0.35113138,-0.31616053,0.7285779,-0.05590869,-0.10908484,-0.1559569,0.4363218,0.4766421,0.32830766
-0.15278465,-0.11154853,-0.10035132,-0.34878063,-0.29315692,0.7312648,-0.06916769,-0.08302751,-0.17147468,0.4944924,0.47102574,0.2397851
-0.19504221,-0.06508136,0.06871955,-0.35862827,-0.41095656,0.78590816,-0.036116008,-0.07757014,-0.016750421,0.41256994,0.36940193,0.28673285
-0.19434875,-0.12402849,-0.020424902,-0.272972,-0.41862833,0.72667444,-0.025202598,-0.092146814,-0.033269234,0.44322312,0.39167964,0.30703375
-0.21327907,0.00062820315,0.130727,-0.3854347,-0.47223437,0.7918621,-0.01875902,-0.09462441,-0.017084476,0.4497168,0.3063109,0.26173794
-0.23900089,-0.00375171,0.19237724,-0.3575424,-0.5391938,0.7370995,0.01823444,-0.08410359,0.10532902,0.37364283,0.26590663,0.24383408
-0.25035417,0.054496624,0.28999513,-0.4290281,-0.5379425,0.80234426,-0.0071898885,-0.10956916,0.104367584,0.37403414,0.16958952,0.22186023
-0.2653134,0.07870673,0.29095322,-0.3824138,-0.6160515,0.7180084,0.023396548,-0.07882777,0.18846132,0.35560656,0.18349937,0.21008119
-0.264873,0.1253775,0.3119793,-0.3940615,-0.6227752,0.7317861,0.026284833,-0.117157705,0.18510674,0.34642303,0.14690173,0.21693927
-0.31937262,0.20945375,0.43939176,-0.49809763,-0.6841813,0.74035174,0.03583237,-0.0781506,0.26109582,0.29303008,0.0902704,0.11019896
-0.32216242,0.2341621,0.48861516,-0.53162515,-0.6890752,0.7343151,0.02876065,-0.10503839,0.24143107,0.3133583,0.035077095,0.081328355
-0.3207484,0.369543,0.56596035,-0.52670443,-0.7754277,0.5907183,0.040938,-0.10535771,0.22904669,0.31905136,-0.0051375926,-0.00535734
-0.327127,0.29969287,0.65296125,-0.6770072,-0.7435431,0.6052136,0.021028211,-0.08914782,0.2695487,0.31906387,-0.038615644,-0.045737162
-0.34020913,0.35601738,0.77891,-0.726192,-0.7766214,0.5249109,0.03017304,-0.0901483,0.3498453,0.27754223,-0.12953025,-0.14059415
-0.31324232,0.35007256,0.6559683,-0.6418179,-0.9053706,0.38805422,0.031319678,-0.06266168,0.4185503,0.26976466,-0.13805142,-0.16961592
-0.25937095,0.34863716,0.67278296,-0.62303907,-0.95621663,0.2760518,0.012107523,-0.07721824,0.38586134,0.30802315,-0.17604598,-0.25336817
-0.25915664,0.35625175,0.7246726,-0.6989305,-1.0158185,0.20795637,0.011404626,-0.040101863,0.42990232,0.353906,-0.21227926,-0.32743847
-0.22972651,0.29171413,0.75948375,-0.75661206,-0.96924996,0.22526053,-0.003691014,-0.031532943,0.381444,0.3774864,-0.2133576,-0.34949028
-0.2121848,0.28328347,0.7286412,-0.7343248,-1.0289261,0.18114617,-0.008890666,0.008921504,0.44436526,0.38254023,-0.17406222,-0.35523927
-0.16218083,0.23824018,0.6891394,-0.76605546,-1.0364407,0.12950225,-0.017634675,0.0012218207,0.4099357,0.35772398,-0.18704537,-0.37881804
-0.15938601,0.23889841,0.6698094,-0.7943255,-1.0834253,0.06618704,-0.021121375,0.060441986,0.43990603,0.36767757,-0.20436603,-0.40995455
-0.13352852,0.20812511,0.622964,-0.78597224,-1.035388,0.052376624,-0.040470976,0.062603325,0.40334237,0.33659673,-0.19715002,-0.4100365
-0.1069729,0.19971837,0.6144328,-0.7995025,-1.0098932,0.0025144257,-0.05717795,0.095930606,0.36013514,0.34671485,-0.1671243,-0.42409897
-0.109184936,0.21983263,0.5700226,-0.8022932,-1.0017204,-0.030580197,-0.058772597,0.11557767,0.4058848,0.29744452,-0.12352389,-0.45113498
-0.102077775,0.2384266,0.50104827,-0.8404299,-0.98612756,-0.054074388,-0.074037105,0.10508394,0.4005258,0.22944546,-0.079812855,-0.50421554
-0.09444267,0.23671943,0.4699558,-0.85960543,-1.0322227,-0.14315142,-0.087159336,0.15680313,0.35786116,0.25515032,-0.07715982,-0.5525773
-0.08193521,0.21469001,0.39235967,-0.8361478,-1.003198,-0.15558393,-0.09924424,0.14991564,0.33543384,0.21089587,-0.03325686,-0.57907975
-0.080937125,0.20357783,0.3711096,-0.8659078,-0.9576524,-0.13018979,-0.08822724,0.12204012,0.29423982,0.2127518,-0.041426674,-0.6070341
-0.08513369,0.19952494,0.27931994,-0.86374295,-0.93017966,-0.16508271,-0.10313563,0.098644555,0.30115092,0.19042823,-0.021741807,-0.62082255
-0.0718396,0.26187336,0.27140686,-0.83150136,-0.925557,-0.20789261,-0.10228765,0.14441973,0.2729411,0.20255211,0.0011604577,-0.6062421
-0.08172341,0.2279934,0.21958905,-0.8924016,-0.89812356,-0.21266614,-0.098449156,0.15922341,0.23441978,0.22500482,0.03767948,-0.66915095
-0.05986053,0.21994527,0.045420643,-0.927256,-0.8649411,-0.29991186,-0.12287319,0.11345935,0.12797748,0.2199818,0.085364036,-0.79583395
-0.021136062,0.25004962,-0.033918604,-0.8998983,-0.82764417,-0.29720953,-0.13521317,0.12510327,0.1320899,0.20761754,0.1704709,-0.7326711
-0.03726993,0.19523269,-0.12875116,-0.9461522,-0.81217015,-0.3216998,-0.14347745,0.13989925,0.09133941,0.23678894,0.17670226,-0.8043706
-0.053768728,0.26439485,-0.10129134,-0.97200346,-0.8369555,-0.35446194,-0.1524119,0.06500292,0.14759323,0.16381681,0.24148937,-0.80655545
-0.057704654,0.22547378,-0.248415,-1.0418708,-0.8222336,-0.34734243,-0.16972914,0.072171986,0.1167285,0.08205475,0.31398126,-0.78735614
-0.018305639,0.20703897,-0.28275648,-1.0121214,-0.70131606,-0.3653868,-0.15650792,0.06322861,0.034718197,0.116778865,0.3782998,-0.76475346
-0.02660493,0.18266603,-0.38651708,-1.099679,-0.7205164,-0.38451895,-0.15507662,0.043628246,0.069960296,0.09616312,0.4537241,-0.7317332
-0.024717698,0.21179757,-0.310567,-1.0885108,-0.71549696,-0.40061364,-0.17837322,0.048355103,0.09080456,0.08285303,0.36074924,-0.7646248
-0.023048418,0.21728733,-0.38023406,-1.1169415,-0.705088,-0.4179359,-0.1833014,0.0130290985,-0.011639226,0.07720025,0.40323126,-0.7477957
0.013500122,0.17580572,-0.43018228,-1.0805304,-0.6371948,-0.37793764,-0.17933501,-0.022589028,-0.1306018,0.15981098,0.39952618,-0.7300129
0.021375215,0.13593376,-0.41080296,-1.1045288,-0.624494,-0.35294515,-0.17242149,0.014286563,-0.056383215,0.13609159,0.40521708,-0.6845219
0.029055653,0.17236385,-0.38463387,-1.0851092,-0.65367776,-0.31454504,-0.20321701,-0.11166056,-0.13881294,0.101065256,0.35691816,-0.6860442
0.030557876,0.16272457,-0.41260642,-1.041042,-0.58853793,-0.25262856,-0.17754127,-0.099767365,-0.2885027,0.23090678,0.33553025,-0.7123648
0.015143765,0.18502018,-0.3919403,-1.0156678,-0.50873274,-0.22471924,-0.13510548,-0.1435246,-0.4247651,0.38736555,0.39012325,-0.68513095
-0.0013406002,0.15777205,-0.42553824,-0.96782947,-0.48965877,-0.19583084,-0.12048374,-0.21900687,-0.36250806,0.3467769,0.45256758,-0.65076476
-0.0026304373,0.15133685,-0.43630052,-0.9338039,-0.44292754,-0.10533413,-0.12553668,-0.28743497,-0.4546736,0.37368673,0.4372671,-0.6210625
-0.01017865,0.14255835,-0.46639746,-0.8616085,-0.40478295,-0.0527776,-0.12670974,-0.331133,-0.5292956,0.4306686,0.4617697,-0.56673265
-0.018714005,0.16175982,-0.5297337,-0.81441474,-0.31945384,-0.0043274052,-0.121174335,-0.3934644,-0.5910128,0.4463841,0.49103975,-0.5157431
-0.012827167,0.13180935,-0.6458326,-0.7269311,-0.21345839,0.0609528,-0.124674276,-0.4381266,-0.7258279,0.49384707,0.47203633,-0.44944298
-0.0452679,0.100537635,-0.6327244,-0.65596074,-0.15325676,0.15242796,-0.10426727,-0.4921756,-0.7074148,0.4458503,0.5985053,-0.29861712
-0.046514466,0.028893813,-0.5617284,-0.6228125,-0.1278224,0.24215251,-0.1433586,-0.46088943,-0.64839387,0.42674613,0.65255916,-0.17367291
-0.07584062,-0.010687381,-0.65770596,-0.6157001,-0.050402045,0.3027077,-0.16047288,-0.4202244,-0.68890405,0.47442508,0.7354769,-0.12892155
-0.09348704,-0.015713662,-0.59755206,-0.538694,-0.0221584,0.3533211,-0.1311467,-0.341012,-0.70274657,0.51778567,0.7279263,-0.07967122
-0.0966447,-0.06715931,-0.5260591,-0.49881878,-0.022898436,0.37097543,-0.16069914,-0.33599314,-0.6284372,0.48066747,0.7368702,0.028754197
-0.103414595,-0.07648876,-0.45705825,-0.4504844,-0.028562993,0.43506974,-0.14368661,-0.27717128,-0.58491856,0.50737816,0.762184,0.096921265
-0.11731368,-0.089755446,-0.38436392,-0.43652564,-0.026584983,0.45871916,-0.14774618,-0.2077907,-0.5042029,0.49856943,0.7886734,0.13768196
-0.107352726,-0.102094755,-0.343346,-0.40018827,-0.071000114,0.54539156,-0.1292123,-0.21114859,-0.41632882,0.44912618,0.6888072,0.21590485
-0.122854665,-0.11428863,-0.3057428,-0.4016143,-0.06450786,0.5966489,-0.10675919,-0.1939501,-0.41162106,0.49731785,0.70282817,0.23338044
-0.10644953,-0.17000356,-0.3697747,-0.31158975,-0.05263166,0.5617587,-0.1119196,-0.20160031,-0.44190747,0.47859406,0.70523304,0.3037666
-0.10732484,-0.13659737,-0.25190905,-0.38158423,-0.068353355,0.6701519,-0.1061907,-0.18876031,-0.41094914,0.5109569,0.678116,0.32142484
-0.11329484,-0.13414726,-0.2376293,-0.33306915,-0.11389403,0.6356289,-0.10141316,-0.13191354,-0.34285778,0.49012613,0.6641823,0.29358354
-0.13663457,-0.1340703,-0.15410739,-0.3366841,-0.17576286,0.7148882,-0.07158026,-0.12763283,-0.21686009,0.46305668,0.5855596,0.31795228
-0.13954294,-0.108707204,-0.1575447,-0.32610804,-0.17798418,0.7017345,-0.05961601,-0.1038879,-0.25509256,0.44916302,0.60473895,0.30326873
-0.12250889,-0.08646539,-0.08949882,-0.29182738,-0.21912652,0.7213498,-0.057868417,-0.10468255,-0.16908544,0.43078405,0.51817095,0.309168
-0.13310759,-0.13961416,-0.11658026,-0.29261684,-0.29989636,0.7226078,-0.06092069,-0.10854624,-0.08523814,0.429159,0.504215,0.3635442
-0.15737578,-0.08991197,0.026211515,-0.28906202,-0.35955068,0.7271101,-0.012098167,-0.07555221,0.007929448,0.40976232,0.4309556,0.29053712
-0.19142604,-0.042147532,0.0654199,-0.34057844,-0.42058372,0.7647895,-0.01734659,-0.08967143,0.019076582,0.34734568,0.37158746,0.3475039
-0.20712686,-0.060666025,0.07471053,-0.3517612,-0.4312516,0.8039183,-0.026321925,-0.07949513,0.042004842,0.35220355,0.33470312,0.3492255
-0.18451294,-0.034434006,0.09902195,-0.27985007,-0.43599713,0.7244225,-0.011887297,-0.08976955,0.044591602,0.3622234,0.3526141,0.33585137
-0.18509659,-0.0066206306,0.18096848,-0.2988939,-0.45632428,0.74964374,-0.025632158,-0.15421219,0.05354015,0.35738197,0.2623456,0.37028897
-0.19835068,0.070084915,0.2578306,-0.3428206,-0.56087756,0.75592333,-0.008763775,-0.09726243,0.18117101,0.36366197,0.23172253,0.2299035
-0.22483096,0.08410477,0.24387279,-0.36013246,-0.62691826,0.72231156,-0.0032549538,-0.071118206,0.1899828,0.36510825,0.20671257,0.18821584
-0.2341198,0.15727594,0.34781784,-0.4202501,-0.65450144,0.68142325,-0.0146437995,-0.09211455,0.17741345,0.35982457,0.17695938,0.16785377
-0.24924776,0.23620838,0.42894864,-0.4154922,-0.69892395,0.6573997,0.015776802,-0.111527525,0.18731098,0.36622542,0.09107854,0.12694138
-0.23340109,0.22701715,0.5469763,-0.50772405,-0.63491255,0.63495046,0.0126800835,-0.096846335,0.06978656,0.4653749,0.06839396,0.03582771
-0.23185213,0.30519986,0.63323665,-0.52078986,-0.6724779,0.5793782,0.009231549,-0.09725335,0.13094662,0.44539165,0.000659883,-0.046234846
-0.211428,0.26384842,0.5473995,-0.52398074,-0.7746084,0.47067863,-0.014396235,-0.070520796,0.25662428,0.37461913,-0.05891666,-0.13937713
-0.21761362,0.3661801,0.6184743,-0.5181182,-0.8707626,0.35212177,0.007128233,-0.06552187,0.3583486,0.3168814,-0.074157655,-0.17974138
-0.20805074,0.3362282,0.66787994,-0.5528238,-0.83454895,0.32150245,0.0050168186,-0.06327789,0.3731442,0.3234096,-0.08420701,-0.21958435
-0.24554199,0.37908986,0.70875704,-0.610065,-0.9387041,0.28717235,0.007349657,-0.021496668,0.42089295,0.30420744,-0.1152955,-0.25301594
-0.20497698,0.37396613,0.67981213,-0.6155536,-0.9775694,0.1895093,0.008601589,-0.04503312,0.39501825,0.34151626,-0.13615036,-0.29394633
-0.20748636,0.3143406,0.67597145,-0.7154381,-1.0317867,0.15869403,0.005299842,0.0056665987,0.4304922,0.33901772,-0.15732852,-0.33394647
-0.15377192,0.2999118,0.6812199,-0.74917674,-1.0183942,0.1551311,-0.021623094,0.02890046,0.45758754,0.30455354,-0.16058695,-0.35181558
-0.13799033,0.25732726,0.6501076,-0.74700713,-1.065261,0.1111847,-0.013651799,0.03340125,0.4288927,0.34509945,-0.18523413,-0.34528154
-0.089487255,0.23093589,0.6177262,-0.73923326,-0.9917715,0.052338798,-0.03219003,0.08011982,0.37993318,0.3476526,-0.13348871,-0.35438618
-0.07029659,0.19378346,0.5567684,-0.74590254,-1.0308503,-0.01872405,-0.03827283,0.10746887,0.41230166,0.33513063,-0.036449194,-0.35865486
-0.07135331,0.2345252,0.53889453,-0.7333592,-0.999034,-0.05324703,-0.04080255,0.122436315,0.3373435,0.34337366,-0.038079783,-0.42518967
-0.07408109,0.22299777,0.4838668,-0.78913355,-0.93684053,-0.042855423,-0.033184003,0.17797312,0.35600162,0.3000372,0.031449534,-0.4659716
-0.052294504,0.22311053,0.47539985,-0.78965485,-0.9382451,-0.13449697,-0.058854584,0.19540402,0.3479648,0.27243143,-0.0075282156,-0.49909794
-0.05215168,0.19168815,0.44554982,-0.78723145,-0.9676908,-0.13356219,-0.055149887,0.18579873,0.32057047,0.30487627,-0.026584521,-0.5050864
-0.04448188,0.19051036,0.4161231,-0.8711369,-0.955935,-0.17276438,-0.068102464,0.13978457,0.29871508,0.2510733,-0.018930852,-0.6093868
-0.04249206,0.19892018,0.3253557,-0.91264164,-0.93726236,-0.21904008,-0.099724576,0.16074476,0.27613348,0.24818486,0.02188456,-0.6786945
-0.047716025,0.2527269,0.27251524,-0.89837205,-0.9006397,-0.21567571,-0.08956613,0.19659713,0.26108027,0.2485821,0.05277156,-0.6769064
-0.02293939,0.2401959,0.14940538,-0.93702257,-0.8757053,-0.2686271,-0.10144447,0.1570074,0.17763786,0.24612501,0.114201434,-0.73877597
-0.02504767,0.1901392,0.14148913,-0.97037506,-0.8410654,-0.28946742,-0.10027298,0.12328902,0.1482287,0.27681088,0.10288914,-0.848917
-0.015008682,0.20855303,0.05827275,-0.94168556,-0.81974095,-0.2780405,-0.10272162,0.102871805,0.08131221,0.2934535,0.14321646,-0.82831764
-0.02241812,0.19999288,-0.03118512,-0.95858216,-0.8330555,-0.27841115,-0.10078888,0.08304432,0.021484014,0.27978247,0.13917011,-0.89690185
-0.04542302,0.22938615,-0.08645281,-0.9530624,-0.78461367,-0.3016537,-0.11245525,0.030325428,0.011961784,0.25334087,0.24557278,-0.8729942
-0.04637189,0.18260899,-0.15106629,-1.0784526,-0.83179146,-0.33683917,-0.108603016,-0.0054535866,0.040457543,0.24255767,0.2161293,-0.96174777
-0.023882093,0.2195212,-0.14905822,-1.0504097,-0.7690262,-0.35961086,-0.11359066,-0.010565206,0.0023533069,0.1859079,0.23989446,-0.9187248
-0.03016209,0.20451245,-0.2561151,-1.1102983,-0.77165985,-0.34268376,-0.10658002,-0.042354725,-0.079855904,0.24484697,0.32738313,-0.9005431
